date,department,expense_category,budget,actual_spend,headcount,quarter,year,variance,variance_pct,over_budget
2022-01-18,Marketing,Equipment,438468.69,118949.1,17,Q1,2022,319519.59,72.87,0
2023-11-15,Engineering,Salaries,465427.69,189487.5,38,Q1,2023,275940.19,59.29,0
2023-01-04,Marketing,Software,420527.54,72021.55,22,Q4,2022,348505.99,82.87,0
2023-10-22,IT,Utilities,30219.84,280603.73,15,Q3,2023,-250383.89,-828.54,1
2023-05-29,Sales,Salaries,329513.91,236637.65,44,Q2,2022,92876.26,28.19,0
2022-01-30,Finance,Salaries,231057.34,158886.79,18,Q2,2022,72170.55,31.23,0
2023-03-11,Finance,Utilities,405834.13,43425.35,16,Q1,2022,362408.78,89.3,0
2022-06-21,Finance,Rent,87485.6,484873.44,49,Q4,2022,-397387.84,-454.23,1
2022-09-07,Operations,Rent,460963.01,317970.82,32,Q2,2023,142992.19,31.02,0
2023-05-06,Marketing,Travel,174346.37,174397.49,47,Q2,2022,-51.12,-0.03,1
2022-02-16,Finance,Equipment,168382.34,186033.57,37,Q4,2023,-17651.23,-10.48,1
2022-10-26,IT,Salaries,97429.41,210451.71,15,Q2,2023,-113022.3,-116.0,1
2023-06-07,Operations,Rent,13405.66,423555.01,37,Q4,2023,-410149.35,-3059.52,1
2023-04-15,Finance,Rent,163244.17,115744.54,28,Q2,2022,47499.63,29.1,0
2023-03-02,Marketing,Equipment,82678.81,446512.16,4,Q3,2023,-363833.35,-440.06,1
2022-10-02,Operations,Salaries,371688.41,167430.67,37,Q4,2023,204257.74,54.95,0
2023-01-22,Sales,Salaries,380752.5,453982.88,7,Q2,2023,-73230.38,-19.23,1
2023-05-31,Engineering,Salaries,415686.92,466694.11,28,Q1,2023,-51007.19,-12.27,1
2023-04-28,Sales,Rent,12666.42,364692.42,23,Q4,2023,-352026.0,-2779.21,1
2023-11-09,Marketing,Rent,182226.9,466101.64,23,Q2,2023,-283874.74,-155.78,1
2023-12-14,Finance,Rent,12845.79,390516.86,37,Q3,2023,-377671.07,-2940.04,1
2023-04-01,HR,Travel,258780.36,82004.37,33,Q2,2023,176775.99,68.31,0
2022-06-11,Engineering,Salaries,455413.79,497557.28,28,Q1,2022,-42143.49,-9.25,1
2022-11-03,Finance,Rent,209866.23,105334.64,8,Q4,2022,104531.59,49.81,0
2023-02-19,Operations,Marketing,438095.06,261249.87,40,Q3,2022,176845.19,40.37,0
2023-09-08,Engineering,Software,474313.61,204336.96,13,Q2,2022,269976.65,56.92,0
2022-12-05,Engineering,Utilities,126554.57,186250.63,17,Q1,2023,-59696.06,-47.17,1
2022-02-06,Finance,Utilities,14975.97,409212.44,39,Q1,2022,-394236.47,-2632.46,1
2022-08-12,Sales,Rent,372388.9,156970.73,6,Q1,2022,215418.17,57.85,0
2022-02-28,Marketing,Salaries,293715.04,283290.82,43,Q2,2023,10424.22,3.55,0
2022-08-08,IT,Utilities,180102.98,180347.27,36,Q3,2023,-244.29,-0.14,1
2022-12-27,IT,Marketing,190125.86,465459.66,10,Q2,2022,-275333.8,-144.82,1
2022-01-25,Sales,Equipment,49678.85,87420.59,30,Q3,2022,-37741.74,-75.97,1
2023-03-29,Marketing,Travel,436823.01,97852.26,28,Q4,2022,338970.75,77.6,0
2022-07-26,HR,Equipment,128611.63,64947.08,33,Q3,2022,63664.55,49.5,0
2022-01-25,Sales,Travel,57581.18,395992.91,11,Q1,2022,-338411.73,-587.71,1
2022-03-25,Finance,Equipment,391971.72,90684.18,26,Q1,2023,301287.54,76.86,0
2022-09-05,HR,Equipment,247686.52,280949.7,43,Q1,2022,-33263.18,-13.43,1
2022-09-05,Marketing,Software,383819.46,400591.68,39,Q2,2022,-16772.22,-4.37,1
2022-02-20,Engineering,Software,451918.68,67147.78,26,Q4,2022,384770.9,85.14,0
2023-06-06,HR,Software,197242.22,484401.95,5,Q3,2023,-287159.73,-145.59,1
2022-06-26,HR,Rent,36690.89,153424.59,44,Q1,2022,-116733.7,-318.15,1
2022-05-05,Finance,Equipment,134087.33,413660.45,42,Q4,2022,-279573.12,-208.5,1
2022-06-15,Marketing,Rent,35024.29,414302.83,45,Q4,2022,-379278.54,-1082.9,1
2022-12-14,Marketing,Utilities,83085.83,186352.08,24,Q2,2022,-103266.25,-124.29,1
2022-05-06,Finance,Rent,425984.05,289897.19,11,Q3,2023,136086.86,31.95,0
2023-01-04,Sales,Travel,471295.9,330988.69,7,Q4,2022,140307.21,29.77,0
2022-09-04,Sales,Software,341687.4,220763.06,14,Q3,2022,120924.34,35.39,0
2022-03-11,Marketing,Travel,368592.87,191235.67,32,Q2,2022,177357.2,48.12,0
2023-06-07,HR,Travel,368427.98,444291.42,6,Q3,2022,-75863.44,-20.59,1
2022-03-24,Finance,Salaries,70444.31,111388.1,5,Q2,2023,-40943.79,-58.12,1
2023-02-04,Operations,Marketing,33085.14,415006.42,4,Q1,2023,-381921.28,-1154.36,1
2023-11-03,Sales,Equipment,352215.68,112307.4,31,Q3,2022,239908.28,68.11,0
2023-01-21,Marketing,Marketing,28334.19,366460.8,24,Q2,2023,-338126.61,-1193.35,1
2022-02-27,Operations,Equipment,407759.86,155267.71,38,Q4,2023,252492.15,61.92,0
2023-04-19,Operations,Travel,299657.58,482817.45,19,Q1,2022,-183159.87,-61.12,1
2022-03-20,Finance,Rent,65620.06,317954.38,36,Q4,2022,-252334.32,-384.54,1
2022-07-04,Operations,Marketing,333053.56,281160.82,6,Q1,2022,51892.74,15.58,0
2022-03-18,Operations,Salaries,307090.45,159139.88,42,Q1,2022,147950.57,48.18,0
2022-03-12,Engineering,Marketing,194391.67,268436.3,29,Q3,2022,-74044.63,-38.09,1
2022-04-26,Sales,Utilities,410682.86,41723.72,39,Q4,2022,368959.14,89.84,0
2022-07-04,Operations,Marketing,159258.08,81393.66,48,Q4,2023,77864.42,48.89,0
2022-11-19,Operations,Salaries,195175.75,159057.69,19,Q1,2023,36118.06,18.51,0
2022-01-15,Finance,Salaries,351345.27,494020.83,9,Q1,2022,-142675.56,-40.61,1
2023-03-18,Marketing,Software,378495.29,247552.26,13,Q1,2023,130943.03,34.6,0
2023-05-30,IT,Utilities,144044.94,213015.15,31,Q2,2023,-68970.21,-47.88,1
2022-02-27,Marketing,Equipment,18225.24,403549.24,23,Q3,2023,-385324.0,-2114.23,1
2022-10-10,IT,Travel,96388.84,363169.24,7,Q1,2022,-266780.4,-276.78,1
2023-02-03,Engineering,Marketing,138966.32,347944.1,31,Q3,2023,-208977.78,-150.38,1
2023-12-01,Operations,Marketing,453453.55,318116.11,9,Q1,2023,135337.44,29.85,0
2023-02-16,Engineering,Travel,447869.17,74542.32,48,Q2,2023,373326.85,83.36,0
2023-11-18,Finance,Salaries,333741.85,207975.0,49,Q1,2022,125766.85,37.68,0
2023-07-31,IT,Rent,357566.66,469402.09,30,Q3,2023,-111835.43,-31.28,1
2023-03-13,Finance,Salaries,314413.91,499350.99,32,Q1,2023,-184937.08,-58.82,1
2022-01-11,Marketing,Marketing,391800.69,229531.73,6,Q3,2022,162268.96,41.42,0
2022-07-10,IT,Marketing,182088.12,8540.21,12,Q4,2022,173547.91,95.31,0
2023-05-31,Sales,Rent,277885.97,263654.14,18,Q3,2022,14231.83,5.12,0
2023-07-20,HR,Travel,338622.9,124314.48,14,Q2,2022,214308.42,63.29,0
2022-03-01,HR,Travel,239530.22,104291.57,21,Q1,2023,135238.65,56.46,0
2022-06-05,IT,Rent,388607.75,153301.68,32,Q4,2023,235306.07,60.55,0
2022-05-18,Engineering,Rent,466967.89,70785.55,27,Q3,2023,396182.34,84.84,0
2023-04-14,Marketing,Utilities,335262.18,31482.14,29,Q4,2023,303780.04,90.61,0
2023-11-07,Finance,Equipment,46588.67,235686.78,26,Q2,2023,-189098.11,-405.89,1
2023-08-15,HR,Rent,309015.89,142426.18,49,Q4,2022,166589.71,53.91,0
2022-11-11,Operations,Salaries,351194.56,139171.41,19,Q4,2022,212023.15,60.37,0
2023-11-16,Sales,Software,148793.18,121436.47,46,Q3,2023,27356.71,18.39,0
2022-06-28,Marketing,Utilities,167666.22,262280.32,33,Q2,2023,-94614.1,-56.43,1
2022-02-15,Engineering,Software,301738.12,383411.87,30,Q1,2022,-81673.75,-27.07,1
2023-02-01,Finance,Utilities,356485.58,344336.27,4,Q1,2023,12149.31,3.41,0
2022-12-15,Marketing,Travel,437000.72,507679.26,36,Q1,2023,-70678.54,-16.17,1
2022-05-12,Finance,Equipment,383635.77,475969.14,39,Q1,2023,-92333.37,-24.07,1
2023-11-13,Sales,Marketing,75645.66,221677.56,16,Q1,2023,-146031.9,-193.05,1
2023-02-15,IT,Travel,180564.8,424245.77,4,Q4,2023,-243680.97,-134.95,1
2022-05-16,Marketing,Travel,82895.14,102449.27,22,Q1,2023,-19554.13,-23.59,1
2023-09-09,IT,Utilities,380901.22,116701.84,4,Q4,2023,264199.38,69.36,0
2022-01-26,Engineering,Travel,140559.87,366872.8,36,Q3,2022,-226312.93,-161.01,1
2023-05-28,Operations,Software,70518.68,118954.8,9,Q3,2022,-48436.12,-68.69,1
2023-05-06,Marketing,Travel,57152.7,239009.93,49,Q2,2023,-181857.23,-318.2,1
2023-12-24,Engineering,Equipment,66102.95,172887.37,4,Q1,2022,-106784.42,-161.54,1
2023-04-13,IT,Software,131088.12,127110.76,12,Q4,2022,3977.36,3.03,0
2023-12-23,IT,Equipment,393353.9,87078.08,49,Q1,2023,306275.82,77.86,0
2023-08-25,Operations,Utilities,126486.64,321266.76,3,Q4,2022,-194780.12,-153.99,1
2022-02-08,HR,Software,147868.65,36768.74,34,Q3,2022,111099.91,75.13,0
2022-01-27,Marketing,Utilities,441539.92,367706.77,9,Q2,2023,73833.15,16.72,0
2022-07-17,Operations,Rent,226734.36,466100.59,13,Q2,2022,-239366.23,-105.57,1
2023-06-12,IT,Rent,259325.65,183857.57,20,Q2,2023,75468.08,29.1,0
2022-11-19,HR,Equipment,11333.93,219567.8,19,Q1,2022,-208233.87,-1837.26,1
2022-01-22,Finance,Salaries,50232.71,310378.33,22,Q4,2022,-260145.62,-517.88,1
2022-03-14,IT,Salaries,372892.26,349114.37,23,Q1,2023,23777.89,6.38,0
2023-11-27,Finance,Software,173396.92,286942.95,44,Q2,2023,-113546.03,-65.48,1
2023-03-17,Marketing,Salaries,83273.76,361458.89,31,Q1,2023,-278185.13,-334.06,1
2023-01-27,Marketing,Marketing,220115.03,421982.24,19,Q1,2023,-201867.21,-91.71,1
2023-10-09,Sales,Utilities,32097.87,514902.98,7,Q1,2023,-482805.11,-1504.17,1
2022-11-28,Marketing,Equipment,357594.37,209082.45,2,Q1,2022,148511.92,41.53,0
2022-01-01,Marketing,Software,49294.26,307356.73,10,Q4,2022,-258062.47,-523.51,1
2023-03-14,Operations,Utilities,36888.59,200607.51,17,Q4,2023,-163718.92,-443.82,1
2022-07-27,Engineering,Salaries,215653.48,129819.53,30,Q2,2023,85833.95,39.8,0
2022-01-14,Sales,Software,297666.46,518760.34,30,Q2,2023,-221093.88,-74.28,1
2022-08-10,Marketing,Marketing,384309.85,15108.21,6,Q3,2022,369201.64,96.07,0
2022-09-01,Operations,Software,44770.97,41125.99,20,Q4,2022,3644.98,8.14,0
2023-10-21,IT,Software,174061.68,306518.49,23,Q1,2023,-132456.81,-76.1,1
2022-10-02,Finance,Rent,141597.26,371441.06,9,Q4,2022,-229843.8,-162.32,1
2023-08-12,IT,Rent,374441.61,381164.35,19,Q1,2022,-6722.74,-1.8,1
2022-04-18,Finance,Utilities,191018.73,368096.39,45,Q1,2022,-177077.66,-92.7,1
2022-11-26,Operations,Travel,317648.39,411763.48,49,Q3,2023,-94115.09,-29.63,1
2023-09-15,Finance,Travel,249795.37,389263.68,15,Q3,2023,-139468.31,-55.83,1
2022-05-05,Engineering,Travel,289132.61,287540.29,5,Q3,2023,1592.32,0.55,0
2022-04-03,HR,Travel,189157.47,248698.25,41,Q3,2023,-59540.78,-31.48,1
2023-02-16,Marketing,Equipment,127237.21,376778.99,28,Q1,2022,-249541.78,-196.12,1
2022-08-25,Finance,Marketing,39272.63,382952.35,25,Q1,2022,-343679.72,-875.11,1
2023-10-17,HR,Rent,94999.93,178265.58,31,Q4,2023,-83265.65,-87.65,1
2022-07-28,Engineering,Software,94574.23,9512.89,13,Q1,2022,85061.34,89.94,0
2022-11-15,Operations,Rent,468072.23,168925.58,44,Q4,2023,299146.65,63.91,0
2022-01-23,HR,Utilities,469316.56,281785.96,14,Q4,2023,187530.6,39.96,0
2023-03-03,Engineering,Marketing,135342.63,277368.43,41,Q3,2023,-142025.8,-104.94,1
2022-01-10,HR,Software,61764.48,202491.71,46,Q4,2022,-140727.23,-227.84,1
2022-06-26,IT,Utilities,148041.92,485354.18,5,Q2,2023,-337312.26,-227.85,1
2022-10-17,Operations,Travel,400259.22,251893.59,27,Q2,2022,148365.63,37.07,0
2023-08-30,Marketing,Equipment,436675.41,79193.39,2,Q1,2022,357482.02,81.86,0
2022-03-21,IT,Software,255539.83,107100.44,28,Q2,2023,148439.39,58.09,0
2023-12-31,IT,Software,274658.33,56427.67,24,Q3,2022,218230.66,79.46,0
2023-12-22,Sales,Salaries,234764.77,145358.85,43,Q3,2023,89405.92,38.08,0
2023-02-10,IT,Equipment,99574.72,164020.02,39,Q4,2023,-64445.3,-64.72,1
2022-04-10,Operations,Equipment,34389.15,179091.69,12,Q1,2023,-144702.54,-420.78,1
2023-02-23,Finance,Equipment,314484.5,436121.09,40,Q2,2022,-121636.59,-38.68,1
2022-01-23,HR,Marketing,401377.65,399925.12,43,Q1,2023,1452.53,0.36,0
2023-12-10,Marketing,Travel,377180.17,262008.6,45,Q4,2023,115171.57,30.53,0
2023-01-25,Sales,Salaries,451144.78,235506.29,22,Q3,2022,215638.49,47.8,0
2022-09-04,IT,Marketing,408687.49,201585.63,23,Q4,2022,207101.86,50.67,0
2023-08-25,Engineering,Utilities,150912.3,14945.16,29,Q2,2022,135967.14,90.1,0
2023-05-01,Marketing,Travel,67238.71,478900.2,39,Q3,2022,-411661.49,-612.24,1
2023-06-02,Operations,Rent,221059.58,157245.13,7,Q2,2022,63814.45,28.87,0
2022-01-19,HR,Software,180670.88,439051.31,26,Q1,2023,-258380.43,-143.01,1
2023-05-06,IT,Salaries,367005.53,387307.14,5,Q3,2023,-20301.61,-5.53,1
2022-04-20,Sales,Marketing,43307.02,66578.2,35,Q1,2022,-23271.18,-53.74,1
2023-08-30,IT,Salaries,472074.96,168374.43,27,Q3,2022,303700.53,64.33,0
2023-08-22,Marketing,Travel,479012.4,256142.74,40,Q2,2022,222869.66,46.53,0
2023-01-31,Finance,Utilities,53288.93,142226.0,28,Q2,2022,-88937.07,-166.9,1
2022-01-13,Sales,Utilities,222642.19,213880.23,40,Q4,2022,8761.96,3.94,0
2022-12-08,Finance,Marketing,450581.46,152604.1,22,Q4,2022,297977.36,66.13,0
2023-12-08,Sales,Rent,101767.84,333488.2,22,Q3,2022,-231720.36,-227.7,1
2023-08-11,Marketing,Utilities,349184.81,192658.36,30,Q3,2023,156526.45,44.83,0
2022-06-08,Finance,Marketing,358494.94,185303.93,35,Q3,2022,173191.01,48.31,0
2022-11-29,IT,Salaries,124462.58,147044.85,28,Q4,2022,-22582.27,-18.14,1
2022-01-23,HR,Software,13021.51,418381.16,43,Q2,2023,-405359.65,-3113.0,1
2023-12-18,Finance,Software,335589.78,338718.46,47,Q1,2022,-3128.68,-0.93,1
2022-08-28,IT,Software,312455.71,377133.98,27,Q1,2022,-64678.27,-20.7,1
2022-07-14,Engineering,Travel,328357.44,209659.4,6,Q3,2023,118698.04,36.15,0
2023-12-12,Marketing,Salaries,86657.33,437810.16,21,Q1,2023,-351152.83,-405.22,1
2022-05-18,Engineering,Utilities,305829.79,221183.74,9,Q1,2022,84646.05,27.68,0
2023-05-25,Sales,Travel,275420.55,98366.54,19,Q1,2022,177054.01,64.28,0
2022-08-11,Sales,Travel,231752.06,269459.35,6,Q4,2023,-37707.29,-16.27,1
2023-03-04,Finance,Utilities,390692.15,235793.62,5,Q4,2023,154898.53,39.65,0
2023-03-31,HR,Software,200266.08,54970.73,44,Q1,2023,145295.35,72.55,0
2023-12-28,Finance,Software,183100.92,347288.71,6,Q2,2022,-164187.79,-89.67,1
2022-01-08,Marketing,Software,275092.73,423741.83,17,Q2,2022,-148649.1,-54.04,1
2022-08-04,IT,Rent,472654.21,190353.09,10,Q4,2023,282301.12,59.73,0
2022-10-11,Marketing,Utilities,178686.11,396717.23,26,Q2,2023,-218031.12,-122.02,1
2023-05-08,Operations,Salaries,228211.71,307956.47,39,Q3,2023,-79744.76,-34.94,1
2023-03-15,HR,Salaries,140498.23,147775.27,9,Q3,2022,-7277.04,-5.18,1
2022-11-19,Marketing,Utilities,343010.1,184116.14,2,Q2,2023,158893.96,46.32,0
2023-12-18,Sales,Software,188401.74,492416.21,32,Q1,2022,-304014.47,-161.37,1
2023-11-04,HR,Travel,349421.41,118484.35,34,Q2,2022,230937.06,66.09,0
2023-09-18,Operations,Salaries,81398.0,85782.47,6,Q1,2023,-4384.47,-5.39,1
2023-12-16,Operations,Marketing,139244.53,46743.72,19,Q1,2022,92500.81,66.43,0
2023-02-17,Finance,Travel,111090.34,456299.91,37,Q2,2022,-345209.57,-310.75,1
2022-08-05,IT,Utilities,390927.31,352125.79,49,Q3,2022,38801.52,9.93,0
2022-05-25,Sales,Travel,53888.2,67732.55,21,Q1,2023,-13844.35,-25.69,1
2023-10-08,Finance,Rent,133453.52,400016.29,25,Q1,2023,-266562.77,-199.74,1
2022-06-23,IT,Equipment,258621.24,330259.49,20,Q4,2023,-71638.25,-27.7,1
2022-09-27,Marketing,Salaries,53034.24,512941.77,29,Q2,2022,-459907.53,-867.19,1
2023-11-08,Sales,Rent,15417.06,269845.5,31,Q4,2022,-254428.44,-1650.3,1
2023-09-11,Operations,Marketing,348659.79,272406.77,40,Q1,2023,76253.02,21.87,0
2022-01-29,HR,Salaries,310653.76,135624.98,16,Q1,2023,175028.78,56.34,0
2022-08-08,Marketing,Rent,14123.3,105752.99,10,Q4,2022,-91629.69,-648.78,1
2023-12-22,Sales,Travel,33782.45,383568.98,40,Q2,2022,-349786.53,-1035.41,1
2023-05-16,IT,Utilities,117491.68,198802.69,32,Q4,2022,-81311.01,-69.21,1
2022-02-18,Marketing,Salaries,454027.66,378880.99,2,Q4,2023,75146.67,16.55,0
2022-01-02,HR,Travel,329836.2,404514.0,14,Q1,2023,-74677.8,-22.64,1
2023-12-11,Operations,Marketing,404450.13,470484.81,37,Q3,2023,-66034.68,-16.33,1
2023-08-24,Sales,Travel,382144.29,226848.4,3,Q3,2022,155295.89,40.64,0
2023-12-24,Finance,Rent,491682.27,57070.71,43,Q3,2023,434611.56,88.39,0
2022-03-11,Operations,Utilities,475576.99,19121.6,38,Q2,2022,456455.39,95.98,0
2023-12-06,IT,Software,42980.06,157443.11,36,Q4,2023,-114463.05,-266.32,1
2022-02-15,IT,Utilities,21117.28,485428.22,38,Q2,2022,-464310.94,-2198.73,1
2022-03-04,Sales,Travel,253563.63,390873.4,12,Q3,2022,-137309.77,-54.15,1
2023-09-23,Marketing,Software,143145.44,294284.24,19,Q2,2022,-151138.8,-105.58,1
2023-05-07,Finance,Marketing,257237.57,130683.41,21,Q2,2022,126554.16,49.2,0
2023-05-12,Finance,Marketing,54429.92,372971.0,3,Q2,2022,-318541.08,-585.23,1
2022-01-27,Engineering,Travel,455342.64,387313.93,25,Q3,2023,68028.71,14.94,0
2022-07-10,Sales,Software,389308.9,125988.35,17,Q2,2023,263320.55,67.64,0
2022-08-16,Sales,Travel,280537.09,370560.13,24,Q2,2023,-90023.04,-32.09,1
2022-08-12,Operations,Rent,237884.78,69559.42,39,Q3,2023,168325.36,70.76,0
2022-10-22,Engineering,Marketing,239562.1,60061.19,48,Q3,2023,179500.91,74.93,0
2022-02-27,Finance,Software,312069.27,36279.22,45,Q2,2022,275790.05,88.37,0
2023-12-22,IT,Equipment,277217.11,422821.67,30,Q4,2023,-145604.56,-52.52,1
2023-10-16,Engineering,Equipment,246296.6,146553.01,31,Q2,2023,99743.59,40.5,0
2023-10-24,Engineering,Marketing,342835.82,317338.16,5,Q1,2022,25497.66,7.44,0
2023-06-13,Engineering,Utilities,384840.66,81975.29,30,Q3,2023,302865.37,78.7,0
2023-05-11,HR,Software,325047.34,234521.94,45,Q4,2023,90525.4,27.85,0
2022-02-07,Finance,Travel,201779.8,22182.97,44,Q1,2022,179596.83,89.01,0
2022-04-08,Marketing,Utilities,213018.75,448295.28,42,Q1,2022,-235276.53,-110.45,1
2022-02-27,Sales,Utilities,58280.57,284351.21,28,Q1,2022,-226070.64,-387.9,1
2022-12-13,Marketing,Rent,213127.25,463941.28,34,Q4,2023,-250814.03,-117.68,1
2023-06-13,IT,Marketing,395038.22,247505.12,19,Q1,2023,147533.1,37.35,0
2023-09-24,Marketing,Marketing,42570.55,169959.65,7,Q3,2022,-127389.1,-299.24,1
2023-06-19,Marketing,Salaries,96004.49,213210.87,33,Q4,2023,-117206.38,-122.08,1
2023-04-27,Marketing,Utilities,422882.13,132851.13,32,Q3,2023,290031.0,68.58,0
2023-12-23,HR,Utilities,288294.27,461407.86,13,Q4,2023,-173113.59,-60.05,1
2022-08-01,Operations,Rent,338887.49,159355.66,24,Q3,2022,179531.83,52.98,0
2022-05-28,Finance,Travel,167563.93,157610.18,30,Q4,2023,9953.75,5.94,0
2022-04-06,HR,Travel,249511.6,331388.76,4,Q1,2022,-81877.16,-32.81,1
2023-04-05,Sales,Equipment,383172.4,70837.23,34,Q3,2023,312335.17,81.51,0
2022-09-17,Finance,Salaries,439261.26,120219.95,40,Q3,2023,319041.31,72.63,0
2022-03-14,Engineering,Utilities,487361.19,228109.67,29,Q3,2022,259251.52,53.19,0
2022-11-27,Operations,Travel,427002.52,101496.02,19,Q2,2022,325506.5,76.23,0
2022-02-18,Sales,Utilities,43066.76,139750.35,45,Q1,2022,-96683.59,-224.5,1
2022-08-10,IT,Travel,178244.84,366363.1,23,Q3,2022,-188118.26,-105.54,1
2022-12-31,Engineering,Rent,376955.91,151278.64,21,Q3,2023,225677.27,59.87,0
2023-05-20,HR,Equipment,214797.08,334244.41,17,Q4,2023,-119447.33,-55.61,1
2022-02-01,Marketing,Salaries,223821.74,261136.46,8,Q1,2023,-37314.72,-16.67,1
2023-06-24,Sales,Salaries,399213.69,401023.73,5,Q1,2023,-1810.04,-0.45,1
2023-11-11,IT,Software,418375.25,392369.97,43,Q3,2022,26005.28,6.22,0
2022-02-06,Marketing,Utilities,397790.08,109144.26,39,Q2,2022,288645.82,72.56,0
2022-06-28,Marketing,Rent,183766.05,490938.91,35,Q3,2023,-307172.86,-167.15,1
2022-02-26,Marketing,Marketing,121726.67,418730.01,37,Q2,2023,-297003.34,-243.99,1
2022-12-02,Operations,Software,185783.92,280699.19,19,Q1,2022,-94915.27,-51.09,1
2023-05-11,Engineering,Salaries,353677.93,294596.1,34,Q1,2023,59081.83,16.7,0
2023-08-07,Marketing,Utilities,188710.15,432364.34,2,Q2,2023,-243654.19,-129.12,1
2022-07-14,IT,Equipment,37137.34,255886.04,49,Q1,2022,-218748.7,-589.03,1
2022-01-03,Sales,Software,402370.9,252985.42,26,Q4,2022,149385.48,37.13,0
2022-07-21,Operations,Equipment,41079.33,330654.53,46,Q2,2022,-289575.2,-704.92,1
2022-07-10,Engineering,Salaries,498105.46,53213.72,15,Q4,2022,444891.74,89.32,0
2022-07-26,Sales,Utilities,432167.91,306055.75,12,Q3,2023,126112.16,29.18,0
2022-04-21,Operations,Equipment,478605.3,122640.9,9,Q3,2023,355964.4,74.38,0
2022-12-13,Operations,Software,418295.57,67752.6,43,Q4,2023,350542.97,83.8,0
2023-05-21,IT,Salaries,59524.0,425492.12,17,Q1,2023,-365968.12,-614.82,1
2023-07-17,Finance,Salaries,215190.03,203490.2,40,Q4,2023,11699.83,5.44,0
2022-05-14,IT,Software,454888.07,265440.94,38,Q1,2023,189447.13,41.65,0
2022-10-08,Engineering,Utilities,54530.9,158249.97,32,Q4,2022,-103719.07,-190.2,1
2022-08-14,Finance,Marketing,159570.41,23823.89,43,Q4,2022,135746.52,85.07,0
2023-06-22,Finance,Software,238878.35,234504.61,19,Q1,2023,4373.74,1.83,0
2022-08-04,IT,Software,230458.08,392133.56,8,Q4,2022,-161675.48,-70.15,1
2023-08-15,Finance,Utilities,472511.66,396265.44,5,Q2,2022,76246.22,16.14,0
2022-10-19,Marketing,Travel,203608.11,480087.44,33,Q1,2022,-276479.33,-135.79,1
2022-01-21,Sales,Salaries,127091.01,438286.59,32,Q3,2022,-311195.58,-244.86,1
2022-08-10,HR,Travel,228017.92,510954.68,11,Q3,2022,-282936.76,-124.09,1
2023-07-15,Marketing,Travel,204036.94,300673.8,31,Q4,2022,-96636.86,-47.36,1
2022-12-06,Finance,Travel,315418.33,34079.39,36,Q3,2022,281338.94,89.2,0
2023-01-09,HR,Equipment,497132.11,450058.58,46,Q2,2022,47073.53,9.47,0
2023-07-26,Sales,Rent,280194.45,495441.79,32,Q3,2022,-215247.34,-76.82,1
2023-03-22,IT,Software,236491.13,245656.57,32,Q3,2022,-9165.44,-3.88,1
2023-01-14,HR,Travel,300987.53,66335.44,47,Q1,2022,234652.09,77.96,0
2023-06-15,HR,Equipment,490101.57,20607.39,47,Q4,2022,469494.18,95.8,0
2023-01-30,Engineering,Equipment,316151.96,322117.21,34,Q3,2023,-5965.25,-1.89,1
2023-08-13,Engineering,Rent,70237.96,349823.32,6,Q4,2023,-279585.36,-398.05,1
2022-12-22,IT,Salaries,457217.1,16302.22,11,Q1,2023,440914.88,96.43,0
2023-10-05,Engineering,Software,299502.67,494021.6,47,Q3,2022,-194518.93,-64.95,1
2023-03-17,HR,Utilities,87471.64,285625.33,24,Q3,2022,-198153.69,-226.53,1
2022-08-02,IT,Marketing,122941.04,321484.23,8,Q1,2023,-198543.19,-161.49,1
2022-05-08,HR,Software,69062.34,296845.11,48,Q1,2023,-227782.77,-329.82,1
2023-05-27,Operations,Equipment,480772.53,170271.02,29,Q3,2023,310501.51,64.58,0
2023-09-11,Operations,Software,44716.45,469097.83,22,Q2,2023,-424381.38,-949.05,1
2023-03-29,Finance,Salaries,384569.52,9950.62,32,Q4,2022,374618.9,97.41,0
2023-11-24,Engineering,Software,175452.66,390563.04,42,Q4,2023,-215110.38,-122.6,1
2023-12-07,Finance,Rent,49745.2,192745.45,28,Q4,2022,-143000.25,-287.47,1
2022-11-14,Operations,Equipment,222585.15,105394.59,30,Q2,2023,117190.56,52.65,0
2022-02-14,Marketing,Rent,10132.19,231286.37,11,Q4,2022,-221154.18,-2182.69,1
2022-02-26,Operations,Equipment,410463.6,109393.88,9,Q1,2023,301069.72,73.35,0
2023-01-21,Operations,Travel,275538.21,452841.34,10,Q1,2022,-177303.13,-64.35,1
2022-07-02,Marketing,Equipment,231355.81,415350.3,12,Q3,2023,-183994.49,-79.53,1
2022-11-13,Marketing,Salaries,416321.48,446782.38,23,Q2,2023,-30460.9,-7.32,1
2023-02-12,Sales,Equipment,264466.94,435965.9,41,Q2,2023,-171498.96,-64.85,1
2023-06-01,HR,Software,301696.14,430304.63,27,Q3,2023,-128608.49,-42.63,1
2023-10-28,HR,Utilities,409260.54,305688.9,38,Q2,2023,103571.64,25.31,0
2023-04-21,IT,Utilities,363079.63,469806.82,41,Q4,2023,-106727.19,-29.39,1
2022-01-19,Finance,Utilities,332929.23,38284.62,3,Q3,2023,294644.61,88.5,0
2022-01-31,Engineering,Marketing,355029.1,154367.86,20,Q4,2022,200661.24,56.52,0
2023-05-06,IT,Equipment,138855.14,116832.91,17,Q4,2023,22022.23,15.86,0
2023-10-21,Sales,Utilities,67451.45,69993.17,5,Q3,2023,-2541.72,-3.77,1
2023-04-13,IT,Salaries,315106.92,11251.57,39,Q1,2022,303855.35,96.43,0
2023-01-31,Sales,Rent,119768.1,214153.96,45,Q3,2022,-94385.86,-78.81,1
2023-02-23,Sales,Salaries,33333.92,378688.47,8,Q2,2022,-345354.55,-1036.05,1
2023-01-08,Finance,Utilities,134617.81,338181.72,15,Q4,2022,-203563.91,-151.22,1
2023-09-29,Sales,Salaries,362932.1,341335.74,13,Q4,2023,21596.36,5.95,0
2022-11-24,Finance,Utilities,357126.56,462718.04,22,Q2,2023,-105591.48,-29.57,1
2023-06-21,Finance,Salaries,452597.22,498164.71,35,Q3,2022,-45567.49,-10.07,1
2022-06-02,Operations,Software,340861.49,356462.82,22,Q1,2022,-15601.33,-4.58,1
2023-12-27,Sales,Travel,225466.11,51481.08,37,Q2,2023,173985.03,77.17,0
2023-10-15,IT,Rent,137644.69,354472.07,41,Q1,2023,-216827.38,-157.53,1
2022-10-25,Engineering,Marketing,381616.16,292044.79,43,Q4,2023,89571.37,23.47,0
2022-05-23,HR,Rent,211865.75,40972.67,8,Q3,2022,170893.08,80.66,0
2023-06-19,Sales,Utilities,409589.41,139643.69,22,Q3,2022,269945.72,65.91,0
2022-04-22,IT,Rent,427296.39,129702.47,11,Q4,2022,297593.92,69.65,0
2022-09-26,HR,Travel,182268.11,403676.66,22,Q2,2023,-221408.55,-121.47,1
2022-04-06,Finance,Travel,178473.96,184745.97,17,Q4,2022,-6272.01,-3.51,1
2022-11-27,Marketing,Travel,457680.34,264340.18,26,Q2,2022,193340.16,42.24,0
2022-06-21,Engineering,Software,204657.22,410291.44,14,Q4,2023,-205634.22,-100.48,1
2023-04-07,Marketing,Rent,356334.6,487495.24,28,Q1,2022,-131160.64,-36.81,1
2022-10-18,IT,Rent,195130.35,283565.6,38,Q3,2023,-88435.25,-45.32,1
2022-08-23,Sales,Marketing,368327.75,292311.99,9,Q1,2023,76015.76,20.64,0
2023-02-23,Operations,Equipment,95063.86,57083.52,31,Q2,2023,37980.34,39.95,0
2022-11-02,IT,Equipment,419583.89,261090.78,32,Q2,2022,158493.11,37.77,0
2023-05-03,Operations,Utilities,491748.17,359470.95,8,Q4,2023,132277.22,26.9,0
2022-03-28,IT,Marketing,385228.55,104794.59,31,Q1,2023,280433.96,72.8,0
2022-11-29,Engineering,Marketing,185971.07,64965.93,19,Q3,2023,121005.14,65.07,0
2023-12-11,Sales,Salaries,282049.9,450028.16,24,Q2,2023,-167978.26,-59.56,1
2022-10-25,Sales,Rent,338104.12,66816.8,39,Q4,2023,271287.32,80.24,0
2022-05-23,Sales,Travel,104507.5,475495.05,46,Q3,2022,-370987.55,-354.99,1
2022-03-01,Sales,Salaries,148622.06,148112.01,42,Q4,2022,510.05,0.34,0
2022-01-02,IT,Software,402867.68,176941.4,31,Q2,2022,225926.28,56.08,0
2023-02-21,Engineering,Software,473189.72,277096.76,31,Q3,2023,196092.96,41.44,0
2022-06-02,Engineering,Marketing,143418.77,104309.1,9,Q4,2023,39109.67,27.27,0
2022-09-11,Finance,Software,82315.76,360539.37,13,Q2,2022,-278223.61,-338.0,1
2023-07-25,Engineering,Marketing,490994.68,276232.86,11,Q4,2023,214761.82,43.74,0
2023-01-03,IT,Rent,166784.61,492409.81,8,Q4,2022,-325625.2,-195.24,1
2022-01-25,Operations,Equipment,391452.75,474543.16,40,Q4,2023,-83090.41,-21.23,1
2022-05-13,Sales,Travel,195715.48,402093.15,18,Q3,2023,-206377.67,-105.45,1
2022-08-31,IT,Rent,475048.27,102624.15,33,Q3,2022,372424.12,78.4,0
2022-03-03,Marketing,Software,303772.8,117461.38,6,Q2,2022,186311.42,61.33,0
2023-03-03,HR,Salaries,213405.95,145458.54,43,Q4,2022,67947.41,31.84,0
2023-09-08,Engineering,Software,97383.22,435081.91,22,Q3,2023,-337698.69,-346.77,1
2023-03-28,Engineering,Utilities,135234.7,339748.12,32,Q3,2023,-204513.42,-151.23,1
2022-03-19,IT,Travel,429915.0,97897.07,16,Q4,2023,332017.93,77.23,0
2023-12-22,Operations,Software,37903.73,242628.11,14,Q2,2023,-204724.38,-540.12,1
2022-04-15,Operations,Marketing,86853.03,507148.96,47,Q1,2022,-420295.93,-483.92,1
2023-08-26,HR,Software,104388.25,382912.4,8,Q4,2023,-278524.15,-266.82,1
2023-11-07,Operations,Equipment,44633.05,486354.3,25,Q2,2023,-441721.25,-989.67,1
2023-01-15,IT,Rent,345963.55,422124.92,5,Q1,2022,-76161.37,-22.01,1
2023-01-29,Engineering,Equipment,490823.22,379230.46,42,Q2,2022,111592.76,22.74,0
2022-04-25,Sales,Software,78207.89,432918.94,20,Q1,2022,-354711.05,-453.55,1
2023-10-24,Sales,Salaries,401476.98,362595.79,47,Q1,2023,38881.19,9.68,0
2023-08-21,Operations,Software,96487.64,298491.77,36,Q2,2023,-202004.13,-209.36,1
2023-06-24,HR,Marketing,487152.49,384773.71,30,Q3,2023,102378.78,21.02,0
2022-02-17,Finance,Marketing,258455.07,125485.9,37,Q2,2022,132969.17,51.45,0
2022-07-07,Sales,Rent,425282.89,259058.74,35,Q1,2022,166224.15,39.09,0
2023-08-19,Engineering,Rent,93572.41,495111.84,9,Q4,2023,-401539.43,-429.12,1
2023-07-29,Finance,Rent,443775.76,422009.56,3,Q1,2023,21766.2,4.9,0
2023-05-29,Sales,Rent,50003.21,482265.76,5,Q1,2023,-432262.55,-864.47,1
2022-02-20,HR,Rent,21217.19,503333.6,3,Q2,2023,-482116.41,-2272.29,1
2022-08-14,Finance,Marketing,357390.64,308628.72,31,Q1,2023,48761.92,13.64,0
2023-01-03,Operations,Salaries,62195.34,108442.02,30,Q4,2022,-46246.68,-74.36,1
2022-03-21,Marketing,Equipment,434242.96,387417.68,5,Q3,2023,46825.28,10.78,0
2022-07-25,Finance,Marketing,314424.36,11753.65,22,Q4,2022,302670.71,96.26,0
2023-09-20,IT,Marketing,172181.01,53640.44,10,Q3,2023,118540.57,68.85,0
2023-02-03,Sales,Software,145864.65,154490.58,3,Q4,2023,-8625.93,-5.91,1
2023-06-11,Engineering,Equipment,50144.74,15775.93,21,Q3,2022,34368.81,68.54,0
2022-08-05,HR,Marketing,346491.29,357876.84,34,Q2,2023,-11385.55,-3.29,1
2022-02-12,Sales,Rent,459343.53,426091.21,7,Q3,2023,33252.32,7.24,0
2023-04-01,Finance,Marketing,380818.26,393929.52,30,Q2,2022,-13111.26,-3.44,1
2023-09-07,Marketing,Software,313503.28,81974.09,17,Q4,2023,231529.19,73.85,0
2022-10-21,Operations,Software,68167.04,419599.61,37,Q1,2022,-351432.57,-515.55,1
2023-07-29,Sales,Travel,415538.37,432186.91,6,Q2,2022,-16648.54,-4.01,1
2023-05-14,HR,Software,483038.12,57422.44,38,Q3,2023,425615.68,88.11,0
2022-08-26,Sales,Software,138780.49,260102.17,10,Q2,2023,-121321.68,-87.42,1
2022-11-03,Operations,Travel,215978.02,360320.08,33,Q2,2022,-144342.06,-66.83,1
2023-08-13,HR,Marketing,16885.04,216222.85,38,Q2,2022,-199337.81,-1180.56,1
2023-08-18,IT,Utilities,417633.3,463304.21,35,Q2,2023,-45670.91,-10.94,1
2022-06-03,Marketing,Software,20165.35,278920.49,40,Q1,2022,-258755.14,-1283.17,1
2022-04-07,Engineering,Salaries,248389.08,70525.28,48,Q2,2022,177863.8,71.61,0
2022-06-23,IT,Travel,292470.04,279582.3,41,Q4,2022,12887.74,4.41,0
2023-10-14,Finance,Utilities,37215.54,303648.96,30,Q2,2022,-266433.42,-715.92,1
2022-04-03,Operations,Utilities,96077.27,496258.52,32,Q2,2023,-400181.25,-416.52,1
2023-10-14,Finance,Travel,397508.65,224058.0,4,Q1,2023,173450.65,43.63,0
2022-01-29,Finance,Utilities,133741.51,465232.71,44,Q4,2023,-331491.2,-247.86,1
2022-03-02,Sales,Marketing,365113.86,171824.75,26,Q1,2022,193289.11,52.94,0
2022-02-10,Marketing,Utilities,377101.75,239579.49,43,Q1,2023,137522.26,36.47,0
2023-05-09,HR,Utilities,209586.0,353738.59,37,Q4,2022,-144152.59,-68.78,1
2023-10-22,IT,Software,41238.03,461378.83,45,Q4,2022,-420140.8,-1018.82,1
2023-11-01,HR,Salaries,15295.26,404347.94,14,Q2,2023,-389052.68,-2543.62,1
2022-10-22,HR,Marketing,251331.68,87595.98,40,Q4,2022,163735.7,65.15,0
2022-10-23,Finance,Software,45012.62,107173.15,20,Q2,2022,-62160.53,-138.1,1
2022-06-28,Sales,Marketing,365971.52,42927.06,17,Q1,2023,323044.46,88.27,0
2022-09-15,IT,Utilities,196603.73,326197.2,43,Q2,2023,-129593.47,-65.92,1
2023-12-31,Operations,Travel,344812.03,233450.08,31,Q2,2022,111361.95,32.3,0
2023-03-25,IT,Travel,209999.23,456428.17,40,Q4,2023,-246428.94,-117.35,1
2023-10-30,Marketing,Software,317884.65,514577.23,36,Q1,2023,-196692.58,-61.88,1
2022-11-03,HR,Rent,418178.76,457821.4,3,Q4,2022,-39642.64,-9.48,1
2022-04-30,Engineering,Marketing,443381.96,31871.06,2,Q1,2023,411510.9,92.81,0
2022-09-21,Operations,Utilities,18272.59,491511.68,49,Q3,2022,-473239.09,-2589.89,1
2022-10-14,Marketing,Software,326297.8,60730.33,46,Q1,2022,265567.47,81.39,0
2023-07-05,Marketing,Utilities,286425.97,236968.95,4,Q1,2023,49457.02,17.27,0
2022-07-07,HR,Equipment,322148.72,160233.02,27,Q1,2022,161915.7,50.26,0
2022-08-30,Engineering,Software,38466.52,88099.83,29,Q1,2022,-49633.31,-129.03,1
2023-08-18,HR,Utilities,44249.16,95673.56,28,Q2,2023,-51424.4,-116.22,1
2022-07-24,Operations,Equipment,253520.25,185066.99,15,Q4,2022,68453.26,27.0,0
2023-10-18,Sales,Travel,37986.31,21001.77,44,Q1,2022,16984.54,44.71,0
2022-10-06,Operations,Salaries,390441.28,41104.09,25,Q2,2023,349337.19,89.47,0
2023-01-30,Finance,Travel,388513.62,373711.31,36,Q4,2023,14802.31,3.81,0
2023-04-17,Engineering,Salaries,67488.78,328631.13,35,Q2,2023,-261142.35,-386.94,1
2023-01-12,Finance,Marketing,232978.37,58871.17,25,Q1,2023,174107.2,74.73,0
2023-11-25,Finance,Salaries,301540.66,229360.35,7,Q4,2022,72180.31,23.94,0
2022-11-21,Sales,Marketing,431128.41,319147.18,32,Q1,2022,111981.23,25.97,0
2022-01-12,IT,Equipment,494330.68,57993.47,30,Q3,2022,436337.21,88.27,0
2022-10-19,IT,Marketing,18438.47,505662.34,37,Q2,2022,-487223.87,-2642.43,1
2022-02-26,Finance,Software,243406.16,442433.54,30,Q1,2023,-199027.38,-81.77,1
2022-06-03,Marketing,Software,403609.55,124350.27,14,Q4,2022,279259.28,69.19,0
2023-08-27,HR,Utilities,399973.9,273658.03,9,Q4,2022,126315.87,31.58,0
2023-04-09,Finance,Software,275498.56,267934.36,16,Q2,2023,7564.2,2.75,0
2023-08-25,IT,Travel,99306.23,179115.95,34,Q3,2022,-79809.72,-80.37,1
2023-05-31,Operations,Rent,283957.2,396933.59,26,Q1,2022,-112976.39,-39.79,1
2023-10-18,HR,Utilities,201861.58,345042.41,17,Q4,2022,-143180.83,-70.93,1
2022-01-22,Operations,Software,210467.11,450479.27,22,Q3,2022,-240012.16,-114.04,1
2023-12-05,HR,Marketing,171047.53,10611.36,38,Q4,2023,160436.17,93.8,0
2022-04-17,IT,Marketing,80798.6,317249.41,46,Q2,2022,-236450.81,-292.64,1
2022-11-22,Sales,Marketing,371737.13,516291.76,18,Q4,2022,-144554.63,-38.89,1
2023-03-02,HR,Software,357159.16,412072.7,35,Q3,2023,-54913.54,-15.38,1
2022-08-27,Finance,Utilities,275987.76,184289.75,14,Q4,2022,91698.01,33.23,0
2022-12-07,Finance,Equipment,183849.87,87923.52,35,Q3,2023,95926.35,52.18,0
2023-12-31,Finance,Equipment,413115.63,227279.13,44,Q2,2023,185836.5,44.98,0
2022-02-08,Engineering,Travel,88351.23,225225.95,16,Q2,2022,-136874.72,-154.92,1
2023-10-24,Engineering,Marketing,222939.34,307660.07,42,Q2,2023,-84720.73,-38.0,1
2022-01-30,IT,Marketing,330220.72,41825.73,23,Q4,2022,288394.99,87.33,0
2023-02-18,HR,Travel,412534.1,206242.06,5,Q2,2022,206292.04,50.01,0
2022-06-10,IT,Marketing,328309.05,445654.62,48,Q2,2022,-117345.57,-35.74,1
2023-09-08,Marketing,Salaries,67675.08,337534.65,40,Q2,2023,-269859.57,-398.76,1
2023-11-01,Engineering,Utilities,59633.48,230565.0,24,Q3,2022,-170931.52,-286.64,1
2022-11-05,Operations,Travel,34711.85,166847.93,14,Q2,2023,-132136.08,-380.67,1
2023-02-18,IT,Rent,284388.6,151247.46,9,Q4,2022,133141.14,46.82,0
2022-05-14,HR,Marketing,129040.32,391190.39,2,Q4,2023,-262150.07,-203.15,1
2023-07-20,HR,Travel,88169.84,227483.65,42,Q2,2022,-139313.81,-158.01,1
2022-12-01,Engineering,Salaries,51636.61,134067.85,18,Q4,2023,-82431.24,-159.64,1
2022-02-05,Marketing,Salaries,324475.79,424113.45,18,Q2,2023,-99637.66,-30.71,1
2023-10-05,Operations,Utilities,379172.85,143991.05,9,Q2,2022,235181.8,62.02,0
2022-03-21,Finance,Software,430304.94,40993.03,4,Q4,2023,389311.91,90.47,0
2023-03-13,Finance,Marketing,301752.29,288623.52,30,Q1,2023,13128.77,4.35,0
2022-04-30,Finance,Rent,183575.68,150874.83,23,Q4,2023,32700.85,17.81,0
2022-05-14,Finance,Rent,240502.93,10500.37,44,Q3,2023,230002.56,95.63,0
2023-02-09,Engineering,Utilities,321713.77,264798.17,3,Q3,2022,56915.6,17.69,0
2023-12-18,Engineering,Salaries,359371.23,466006.56,3,Q1,2023,-106635.33,-29.67,1
2022-09-22,Finance,Salaries,325972.19,337796.62,49,Q3,2023,-11824.43,-3.63,1
2022-08-21,IT,Utilities,481333.04,17295.02,18,Q4,2023,464038.02,96.41,0
2023-03-23,Sales,Salaries,377602.33,201928.44,10,Q4,2023,175673.89,46.52,0
2023-03-03,Finance,Software,377804.33,134485.03,34,Q3,2022,243319.3,64.4,0
2022-01-28,Finance,Marketing,411704.72,351266.57,30,Q2,2022,60438.15,14.68,0
2022-10-28,IT,Travel,235585.41,241937.82,30,Q3,2023,-6352.41,-2.7,1
2023-07-24,Engineering,Software,139333.8,96439.64,45,Q1,2023,42894.16,30.79,0
2022-01-29,Operations,Marketing,409957.09,241619.4,7,Q3,2023,168337.69,41.06,0
2023-01-12,Sales,Salaries,237448.21,484873.84,44,Q1,2022,-247425.63,-104.2,1
2022-11-09,Marketing,Software,307516.23,218328.79,7,Q1,2023,89187.44,29.0,0
2022-02-02,Marketing,Equipment,220499.79,453609.56,38,Q4,2022,-233109.77,-105.72,1
2023-03-30,Engineering,Equipment,204068.62,251425.32,46,Q3,2023,-47356.7,-23.21,1
2023-09-12,Operations,Salaries,338917.64,395916.5,2,Q2,2023,-56998.86,-16.82,1
2023-05-16,Marketing,Marketing,336018.45,410354.85,17,Q1,2023,-74336.4,-22.12,1
2022-09-29,Operations,Marketing,161421.84,397501.55,12,Q3,2023,-236079.71,-146.25,1
2023-05-16,IT,Software,102602.6,334911.19,23,Q3,2022,-232308.59,-226.42,1
2023-12-04,IT,Equipment,74348.94,495674.0,35,Q4,2022,-421325.06,-566.69,1
2023-08-16,Operations,Rent,65751.53,483431.86,2,Q2,2023,-417680.33,-635.24,1
2022-03-23,Finance,Marketing,410672.9,163025.27,14,Q2,2023,247647.63,60.3,0
2023-08-31,Sales,Software,150213.32,363666.52,47,Q3,2022,-213453.2,-142.1,1
2022-05-26,Engineering,Software,342485.54,348372.52,43,Q2,2022,-5886.98,-1.72,1
2023-07-23,Operations,Equipment,150838.0,110533.66,29,Q1,2023,40304.34,26.72,0
2023-12-31,Finance,Salaries,336710.69,143714.86,14,Q4,2023,192995.83,57.32,0
2022-10-11,Operations,Software,492229.03,167106.05,39,Q3,2023,325122.98,66.05,0
2023-11-11,IT,Salaries,42318.85,177772.21,31,Q2,2023,-135453.36,-320.08,1
2022-05-16,Operations,Equipment,330340.43,445433.7,37,Q3,2022,-115093.27,-34.84,1
2023-10-15,Finance,Software,148465.5,395764.83,5,Q2,2022,-247299.33,-166.57,1
2022-06-21,Engineering,Travel,50617.74,421560.02,15,Q1,2022,-370942.28,-732.83,1
2023-07-13,Sales,Equipment,48698.24,475468.74,37,Q3,2022,-426770.5,-876.36,1
2022-01-10,IT,Equipment,192115.4,271343.13,24,Q4,2022,-79227.73,-41.24,1
2022-10-24,Operations,Travel,274899.51,435741.19,6,Q2,2022,-160841.68,-58.51,1
2023-12-08,HR,Equipment,327174.07,364013.45,47,Q4,2023,-36839.38,-11.26,1
2022-11-26,Finance,Travel,288088.54,245974.21,16,Q4,2023,42114.33,14.62,0
2023-03-09,IT,Travel,449998.09,107253.25,24,Q1,2023,342744.84,76.17,0
2023-03-24,Finance,Equipment,85231.71,228299.0,9,Q1,2023,-143067.29,-167.86,1
2022-01-15,Finance,Travel,416213.22,113768.23,12,Q2,2022,302444.99,72.67,0
2022-08-04,Sales,Travel,268831.36,155029.02,8,Q3,2023,113802.34,42.33,0
2023-12-02,Engineering,Equipment,431676.21,153159.44,24,Q2,2023,278516.77,64.52,0
2022-09-10,Marketing,Travel,219065.04,397649.06,46,Q2,2022,-178584.02,-81.52,1
2022-11-26,Operations,Salaries,246082.1,267987.93,47,Q1,2022,-21905.83,-8.9,1
2023-07-18,HR,Equipment,216935.51,414089.11,42,Q2,2022,-197153.6,-90.88,1
2023-03-06,Marketing,Equipment,57268.28,457232.54,28,Q2,2022,-399964.26,-698.4,1
2022-02-28,IT,Salaries,81052.88,321174.89,32,Q3,2022,-240122.01,-296.25,1
2022-06-25,Marketing,Marketing,263589.53,216488.95,48,Q2,2022,47100.58,17.87,0
2023-01-09,Operations,Utilities,271272.39,446667.36,41,Q3,2022,-175394.97,-64.66,1
2022-10-22,Operations,Software,239221.1,298578.03,3,Q2,2022,-59356.93,-24.81,1
2023-09-30,Marketing,Travel,16294.07,446751.61,45,Q1,2023,-430457.54,-2641.8,1
2023-07-08,Finance,Rent,257732.93,143896.19,49,Q2,2023,113836.74,44.17,0
2022-11-03,Finance,Utilities,75525.11,297668.48,32,Q3,2023,-222143.37,-294.13,1
2022-12-14,HR,Travel,287522.98,116415.11,9,Q4,2023,171107.87,59.51,0
2022-12-27,Sales,Utilities,151253.99,365558.88,2,Q3,2023,-214304.89,-141.69,1
2022-03-07,Operations,Rent,495834.15,308488.19,26,Q2,2023,187345.96,37.78,0
2023-07-24,Finance,Rent,186031.78,292671.88,18,Q2,2022,-106640.1,-57.32,1
2023-10-01,Operations,Rent,412195.39,335223.29,31,Q2,2022,76972.1,18.67,0
2023-05-31,Engineering,Software,130341.36,200206.29,25,Q3,2023,-69864.93,-53.6,1
2022-08-23,Operations,Travel,102847.58,106291.97,32,Q3,2023,-3444.39,-3.35,1
2023-03-09,Engineering,Utilities,118333.06,420883.31,14,Q1,2023,-302550.25,-255.68,1
2023-01-22,Marketing,Travel,173227.35,204797.32,16,Q2,2023,-31569.97,-18.22,1
2022-02-01,HR,Salaries,425944.8,514335.3,27,Q4,2022,-88390.5,-20.75,1
2023-11-18,Engineering,Salaries,384340.49,254273.12,33,Q3,2022,130067.37,33.84,0
2023-07-28,Engineering,Utilities,223359.65,258887.22,46,Q3,2023,-35527.57,-15.91,1
2022-08-14,Sales,Salaries,102163.71,355043.04,36,Q3,2023,-252879.33,-247.52,1
2022-05-24,Marketing,Salaries,33866.45,349369.44,17,Q3,2023,-315502.99,-931.61,1
2023-03-28,Engineering,Rent,313085.45,100425.6,10,Q4,2023,212659.85,67.92,0
2022-01-18,Engineering,Rent,356308.59,147422.87,20,Q1,2023,208885.72,58.62,0
2023-01-25,Finance,Equipment,307008.01,126536.4,41,Q4,2023,180471.61,58.78,0
2022-12-28,Marketing,Travel,255614.58,35343.42,41,Q4,2022,220271.16,86.17,0
2022-11-17,Operations,Software,486702.7,19474.5,47,Q3,2023,467228.2,96.0,0
2023-08-15,HR,Travel,22085.15,338235.64,46,Q3,2023,-316150.49,-1431.51,1
2022-10-20,IT,Equipment,494320.04,263278.82,4,Q2,2022,231041.22,46.74,0
2022-03-14,IT,Equipment,145394.14,466032.96,27,Q1,2022,-320638.82,-220.53,1
2022-04-10,Finance,Travel,197740.94,161994.86,38,Q1,2022,35746.08,18.08,0
2023-04-27,Marketing,Utilities,378741.63,411206.93,9,Q1,2022,-32465.3,-8.57,1
2022-09-13,IT,Travel,121286.3,60814.87,7,Q2,2022,60471.43,49.86,0
2022-11-11,Sales,Salaries,357826.31,426018.13,6,Q1,2022,-68191.82,-19.06,1
2022-06-11,IT,Equipment,172949.96,479636.62,22,Q4,2023,-306686.66,-177.33,1
2022-10-20,Sales,Travel,470873.5,329196.69,28,Q3,2023,141676.81,30.09,0
2022-06-11,HR,Software,94136.58,384811.58,45,Q4,2022,-290675.0,-308.78,1
2023-10-03,Sales,Software,466574.13,513750.93,39,Q4,2023,-47176.8,-10.11,1
2022-11-05,Finance,Salaries,397625.96,201631.77,9,Q1,2023,195994.19,49.29,0
2023-07-28,Marketing,Rent,93415.8,23032.94,23,Q3,2022,70382.86,75.34,0
2022-05-23,Finance,Salaries,199938.73,357492.76,24,Q1,2022,-157554.03,-78.8,1
2022-08-11,Finance,Travel,61105.22,14824.84,26,Q1,2023,46280.38,75.74,0
2022-11-03,Operations,Software,303863.08,298975.37,8,Q3,2023,4887.71,1.61,0
2022-01-14,IT,Utilities,480658.63,313908.7,15,Q2,2022,166749.93,34.69,0
2023-09-02,Sales,Equipment,48823.14,307264.36,42,Q2,2022,-258441.22,-529.34,1
2023-07-25,Marketing,Marketing,136475.6,92950.48,30,Q2,2023,43525.12,31.89,0
2022-06-29,Sales,Software,380124.82,47258.15,18,Q3,2023,332866.67,87.57,0
2023-05-28,Engineering,Equipment,234574.65,472764.77,7,Q4,2023,-238190.12,-101.54,1
2022-08-15,Engineering,Software,176088.27,285299.89,33,Q4,2022,-109211.62,-62.02,1
2023-04-04,Operations,Travel,304583.38,173419.05,20,Q3,2023,131164.33,43.06,0
2022-05-25,Finance,Marketing,154045.82,403133.59,28,Q1,2022,-249087.77,-161.7,1
2023-10-07,IT,Marketing,171140.08,479886.99,31,Q1,2023,-308746.91,-180.41,1
2023-10-19,Engineering,Travel,404994.65,214958.74,34,Q3,2023,190035.91,46.92,0
2023-04-28,Engineering,Travel,201876.1,58332.27,38,Q1,2023,143543.83,71.1,0
2023-07-13,Sales,Salaries,353273.1,362619.72,46,Q1,2023,-9346.62,-2.65,1
2023-12-21,Sales,Equipment,83873.74,472654.15,12,Q2,2023,-388780.41,-463.53,1
2023-03-09,HR,Utilities,205422.33,509968.42,42,Q3,2023,-304546.09,-148.25,1
2022-08-30,Operations,Equipment,280441.13,424533.45,11,Q2,2022,-144092.32,-51.38,1
2023-09-08,Engineering,Salaries,140975.6,145326.94,30,Q4,2023,-4351.34,-3.09,1
2022-10-04,HR,Equipment,216584.72,191408.76,23,Q4,2023,25175.96,11.62,0
2023-10-31,Sales,Rent,382313.64,78010.73,21,Q4,2022,304302.91,79.6,0
2022-07-07,Finance,Marketing,89137.31,372925.73,20,Q4,2022,-283788.42,-318.37,1
2023-11-17,IT,Software,255368.09,94658.25,25,Q1,2022,160709.84,62.93,0
2022-04-10,HR,Marketing,138273.13,229166.64,29,Q1,2023,-90893.51,-65.73,1
2023-06-06,Finance,Salaries,211016.75,280258.87,3,Q2,2023,-69242.12,-32.81,1
2022-03-25,Engineering,Equipment,193939.92,203856.75,41,Q3,2023,-9916.83,-5.11,1
2022-02-22,HR,Equipment,331116.8,84644.37,19,Q1,2023,246472.43,74.44,0
2022-05-07,Finance,Software,385912.28,156388.07,19,Q3,2023,229524.21,59.48,0
2023-10-09,Marketing,Utilities,254871.47,331975.7,3,Q2,2022,-77104.23,-30.25,1
2022-10-13,Operations,Software,91626.87,380133.71,48,Q4,2023,-288506.84,-314.87,1
2022-02-24,Engineering,Software,435626.1,322693.69,24,Q1,2022,112932.41,25.92,0
2023-07-31,Marketing,Rent,101238.99,502465.03,48,Q4,2023,-401226.04,-396.32,1
2022-01-21,IT,Marketing,293440.79,322178.69,16,Q2,2023,-28737.9,-9.79,1
2022-10-27,HR,Salaries,268378.02,123373.84,26,Q3,2022,145004.18,54.03,0
2022-12-25,IT,Salaries,150463.69,259419.09,46,Q1,2023,-108955.4,-72.41,1
2022-05-23,Engineering,Salaries,476943.89,436149.44,19,Q3,2022,40794.45,8.55,0
2023-09-02,HR,Marketing,341565.63,174810.43,22,Q3,2023,166755.2,48.82,0
2022-01-02,Operations,Travel,240290.73,385359.75,48,Q4,2022,-145069.02,-60.37,1
2022-12-23,IT,Equipment,227308.32,410018.27,33,Q1,2023,-182709.95,-80.38,1
2023-10-05,IT,Rent,55302.9,486190.19,20,Q2,2022,-430887.29,-779.14,1
2023-11-19,Operations,Marketing,392533.63,213401.8,19,Q1,2022,179131.83,45.63,0
2023-03-28,Sales,Salaries,50985.33,140825.21,25,Q3,2023,-89839.88,-176.21,1
2022-02-16,Marketing,Marketing,108353.18,268069.51,48,Q4,2023,-159716.33,-147.4,1
2023-03-03,Operations,Rent,90602.51,516765.85,43,Q3,2023,-426163.34,-470.37,1
2023-06-23,Marketing,Marketing,43396.35,469890.55,31,Q3,2023,-426494.2,-982.79,1
2023-07-02,Finance,Utilities,416496.51,153384.99,30,Q1,2023,263111.52,63.17,0
2023-11-23,Finance,Travel,454084.4,108718.46,22,Q3,2023,345365.94,76.06,0
2023-05-03,HR,Utilities,316503.61,252202.47,22,Q1,2022,64301.14,20.32,0
2023-07-17,Marketing,Software,440100.01,92876.55,49,Q1,2022,347223.46,78.9,0
2022-12-08,IT,Utilities,340780.98,396112.03,42,Q3,2023,-55331.05,-16.24,1
2023-11-03,Engineering,Rent,345652.77,26745.65,3,Q4,2022,318907.12,92.26,0
2023-06-13,Sales,Utilities,445840.9,123059.58,46,Q3,2022,322781.32,72.4,0
2022-10-06,Finance,Salaries,55045.03,17329.05,2,Q4,2022,37715.98,68.52,0
2022-06-21,Marketing,Marketing,36818.48,124089.99,23,Q3,2023,-87271.51,-237.03,1
2022-10-29,Finance,Software,36259.87,34783.87,41,Q2,2022,1476.0,4.07,0
2023-01-31,Marketing,Rent,214773.38,352858.79,39,Q2,2022,-138085.41,-64.29,1
2023-07-20,Operations,Equipment,473733.06,299980.2,20,Q2,2023,173752.86,36.68,0
2023-06-09,Engineering,Equipment,436266.9,117523.91,20,Q3,2023,318742.99,73.06,0
2023-12-15,Operations,Equipment,393162.12,112999.52,3,Q3,2023,280162.6,71.26,0
2022-11-23,Marketing,Marketing,207918.46,157091.08,30,Q4,2022,50827.38,24.45,0
2023-03-26,Finance,Rent,413849.41,416685.02,24,Q2,2023,-2835.61,-0.69,1
2022-03-03,HR,Marketing,117060.17,85057.67,48,Q1,2023,32002.5,27.34,0
2022-07-20,Operations,Travel,296822.39,70310.82,49,Q2,2023,226511.57,76.31,0
2023-10-26,Operations,Salaries,375502.19,268121.77,28,Q2,2023,107380.42,28.6,0
2022-03-11,Engineering,Software,55296.12,450854.47,46,Q1,2022,-395558.35,-715.35,1
2023-12-02,IT,Utilities,438326.5,122744.83,24,Q2,2022,315581.67,72.0,0
2023-05-12,Finance,Equipment,366386.3,62403.22,29,Q2,2023,303983.08,82.97,0
2022-07-27,Operations,Software,271306.62,259744.54,29,Q4,2022,11562.08,4.26,0
2023-04-10,Operations,Travel,40580.09,382863.3,6,Q2,2022,-342283.21,-843.48,1
2023-04-23,Finance,Equipment,350314.19,324581.04,19,Q1,2023,25733.15,7.35,0
2023-04-01,Sales,Software,229152.8,222100.82,31,Q1,2023,7051.98,3.08,0
2022-05-11,Marketing,Rent,370971.83,28683.8,25,Q2,2023,342288.03,92.27,0
2023-04-18,Engineering,Salaries,27821.49,161903.76,38,Q3,2022,-134082.27,-481.94,1
2023-10-31,Operations,Salaries,291632.15,478656.73,17,Q2,2022,-187024.58,-64.13,1
2022-10-04,IT,Travel,229039.93,122105.58,30,Q1,2022,106934.35,46.69,0
2022-02-23,IT,Software,220609.51,322344.78,31,Q1,2023,-101735.27,-46.12,1
2023-01-25,Marketing,Travel,263610.32,472610.68,26,Q1,2022,-209000.36,-79.28,1
2022-08-03,Engineering,Travel,70597.73,257912.05,39,Q3,2022,-187314.32,-265.33,1
2022-01-11,IT,Travel,468371.31,236494.78,40,Q3,2022,231876.53,49.51,0
2023-03-30,Operations,Marketing,355304.03,80224.74,2,Q3,2023,275079.29,77.42,0
2023-02-15,HR,Salaries,51576.15,510073.16,41,Q2,2023,-458497.01,-888.97,1
2023-12-18,IT,Marketing,48935.21,98454.84,40,Q1,2022,-49519.63,-101.19,1
2023-12-14,Sales,Utilities,113224.32,254506.37,40,Q2,2022,-141282.05,-124.78,1
2023-08-07,Engineering,Marketing,127464.03,95720.66,32,Q2,2023,31743.37,24.9,0
2022-04-19,HR,Salaries,251153.64,186372.34,40,Q3,2022,64781.3,25.79,0
2022-01-27,Engineering,Travel,272863.15,460612.51,32,Q2,2023,-187749.36,-68.81,1
2023-02-20,Finance,Software,81445.82,337380.21,34,Q4,2022,-255934.39,-314.24,1
2022-12-15,Finance,Travel,487030.66,13040.26,13,Q3,2022,473990.4,97.32,0
2022-10-16,Finance,Rent,414136.78,502982.38,26,Q3,2022,-88845.6,-21.45,1
2023-06-01,Engineering,Travel,320408.99,409360.64,24,Q1,2022,-88951.65,-27.76,1
2023-05-01,Sales,Rent,146173.7,518738.42,44,Q4,2022,-372564.72,-254.88,1
2022-09-22,Finance,Marketing,456066.58,398587.75,49,Q4,2023,57478.83,12.6,0
2023-10-15,HR,Software,164469.49,399605.07,29,Q4,2022,-235135.58,-142.97,1
2022-08-13,Operations,Salaries,166426.23,366081.95,34,Q1,2023,-199655.72,-119.97,1
2022-12-16,Finance,Equipment,182933.75,224702.0,39,Q2,2023,-41768.25,-22.83,1
2022-03-30,Finance,Rent,33488.19,169251.97,27,Q2,2023,-135763.78,-405.41,1
2023-10-08,Marketing,Salaries,40308.47,276895.79,25,Q1,2022,-236587.32,-586.94,1
2022-04-13,HR,Software,243143.6,99257.64,6,Q2,2022,143885.96,59.18,0
2022-11-26,IT,Salaries,442059.17,377884.75,45,Q4,2023,64174.42,14.52,0
2022-05-05,Engineering,Marketing,471763.63,518627.39,18,Q1,2023,-46863.76,-9.93,1
2022-10-31,IT,Software,390101.9,315678.47,46,Q4,2023,74423.43,19.08,0
2022-03-24,HR,Equipment,208166.68,446506.25,38,Q4,2023,-238339.57,-114.49,1
2022-09-24,Marketing,Rent,162140.86,96232.33,16,Q1,2023,65908.53,40.65,0
2023-02-05,Finance,Rent,115695.24,430436.07,3,Q3,2023,-314740.83,-272.04,1
2023-01-21,IT,Equipment,273840.52,472605.9,35,Q1,2023,-198765.38,-72.58,1
2022-12-27,HR,Rent,246405.65,437500.19,21,Q1,2023,-191094.54,-77.55,1
2022-02-26,Marketing,Software,238779.4,329156.88,31,Q3,2023,-90377.48,-37.85,1
2023-01-12,Finance,Salaries,164949.25,482306.59,17,Q3,2023,-317357.34,-192.4,1
2022-07-06,Sales,Equipment,295144.17,500271.11,45,Q4,2022,-205126.94,-69.5,1
2023-04-24,Engineering,Rent,307886.58,425466.19,5,Q3,2023,-117579.61,-38.19,1
2023-11-17,Finance,Utilities,438845.35,288122.69,32,Q3,2022,150722.66,34.35,0
2022-12-03,Finance,Software,383087.59,435673.13,27,Q4,2023,-52585.54,-13.73,1
2023-10-09,Operations,Software,171645.7,198433.64,42,Q4,2023,-26787.94,-15.61,1
2022-04-04,HR,Rent,195973.08,185454.81,13,Q4,2022,10518.27,5.37,0
2023-05-02,Sales,Software,127354.95,186128.61,3,Q4,2022,-58773.66,-46.15,1
2023-02-02,IT,Travel,93717.59,109999.74,9,Q1,2023,-16282.15,-17.37,1
2023-06-05,Finance,Salaries,63356.87,326947.77,15,Q4,2023,-263590.9,-416.04,1
2023-06-05,HR,Software,26719.02,346676.81,25,Q1,2023,-319957.79,-1197.49,1
2022-04-23,Finance,Software,214664.03,448135.48,44,Q4,2023,-233471.45,-108.76,1
2022-05-02,Sales,Rent,479969.7,363589.5,41,Q1,2022,116380.2,24.25,0
2023-01-21,Marketing,Travel,273625.72,407327.82,42,Q1,2022,-133702.1,-48.86,1
2023-09-12,Sales,Rent,373656.87,360682.04,26,Q1,2023,12974.83,3.47,0
2022-12-08,IT,Marketing,204883.92,364887.3,8,Q1,2023,-160003.38,-78.09,1
2023-04-08,IT,Travel,198358.63,182360.8,33,Q3,2023,15997.83,8.07,0
2023-12-11,Marketing,Software,71349.2,502533.0,24,Q1,2023,-431183.8,-604.33,1
2023-01-17,Sales,Salaries,156927.16,335060.92,47,Q3,2022,-178133.76,-113.51,1
2023-09-22,HR,Travel,465049.26,308613.9,40,Q3,2023,156435.36,33.64,0
2022-06-05,Operations,Rent,250198.75,441774.96,27,Q1,2023,-191576.21,-76.57,1
2022-05-08,Engineering,Software,110127.91,223529.5,43,Q4,2022,-113401.59,-102.97,1
2022-02-12,IT,Utilities,335239.34,57281.28,8,Q3,2023,277958.06,82.91,0
2023-07-29,Operations,Rent,208669.48,130932.52,48,Q1,2023,77736.96,37.25,0
2023-01-16,Sales,Salaries,415393.65,421742.95,46,Q2,2023,-6349.3,-1.53,1
2023-10-19,Finance,Travel,55485.5,382688.96,5,Q3,2022,-327203.46,-589.71,1
2022-10-02,Finance,Equipment,265685.7,68000.66,45,Q4,2022,197685.04,74.41,0
2023-01-24,Marketing,Salaries,402593.94,43662.19,26,Q2,2023,358931.75,89.15,0
2022-01-23,IT,Utilities,428353.7,326415.97,19,Q3,2022,101937.73,23.8,0
2023-01-19,IT,Software,204209.45,488587.9,8,Q1,2023,-284378.45,-139.26,1
2022-05-09,HR,Salaries,373110.1,97559.39,23,Q1,2022,275550.71,73.85,0
2023-02-15,Engineering,Salaries,483197.82,289099.35,5,Q1,2023,194098.47,40.17,0
2022-10-08,Engineering,Software,314744.65,423727.33,30,Q1,2023,-108982.68,-34.63,1
2022-07-01,Finance,Equipment,407679.1,278690.64,25,Q4,2023,128988.46,31.64,0
2022-08-16,HR,Salaries,291137.28,187776.72,41,Q4,2023,103360.56,35.5,0
2022-03-22,Sales,Software,397204.18,412773.43,39,Q3,2023,-15569.25,-3.92,1
2023-08-11,Engineering,Rent,470942.28,402867.69,42,Q1,2023,68074.59,14.45,0
2022-10-08,HR,Salaries,358616.34,433208.52,13,Q2,2022,-74592.18,-20.8,1
2023-12-15,Finance,Marketing,85670.04,491892.16,10,Q3,2022,-406222.12,-474.17,1
2023-09-23,Sales,Equipment,50140.85,85123.13,16,Q2,2023,-34982.28,-69.77,1
2023-09-26,HR,Utilities,407922.41,182479.78,14,Q1,2022,225442.63,55.27,0
2022-06-23,Engineering,Marketing,136599.52,512825.5,31,Q1,2022,-376225.98,-275.42,1
2022-12-25,Operations,Salaries,438879.92,312402.56,36,Q1,2023,126477.36,28.82,0
2023-07-25,Engineering,Equipment,106116.35,351106.53,36,Q3,2022,-244990.18,-230.87,1
2023-01-10,Engineering,Rent,456412.88,460656.77,27,Q2,2022,-4243.89,-0.93,1
2022-02-24,Finance,Software,404555.57,361814.58,20,Q1,2023,42740.99,10.56,0
2023-10-26,Finance,Marketing,441818.83,357815.62,22,Q1,2022,84003.21,19.01,0
2022-11-27,Operations,Equipment,124026.63,61505.53,22,Q1,2022,62521.1,50.41,0
2023-10-26,Sales,Rent,440481.49,267502.55,14,Q3,2022,172978.94,39.27,0
2023-01-22,IT,Rent,297904.31,352675.04,22,Q3,2022,-54770.73,-18.39,1
2023-11-11,IT,Equipment,51164.04,421333.37,25,Q1,2022,-370169.33,-723.5,1
2022-05-28,HR,Rent,466209.87,219577.91,27,Q2,2023,246631.96,52.9,0
2022-12-09,Finance,Salaries,105374.47,71249.95,45,Q1,2022,34124.52,32.38,0
2022-07-16,Sales,Utilities,114614.4,195302.72,32,Q3,2023,-80688.32,-70.4,1
2022-05-04,Sales,Rent,354975.17,228024.5,31,Q1,2023,126950.67,35.76,0
2022-11-29,HR,Marketing,295701.49,392516.59,25,Q4,2023,-96815.1,-32.74,1
2023-04-29,Sales,Utilities,452465.8,18127.82,33,Q2,2022,434337.98,95.99,0
2023-03-30,IT,Software,160407.56,205528.49,31,Q4,2023,-45120.93,-28.13,1
2023-12-07,Marketing,Travel,30443.51,237316.41,27,Q3,2022,-206872.9,-679.53,1
2022-12-15,IT,Salaries,497549.68,289659.19,39,Q4,2023,207890.49,41.78,0
2023-03-29,Engineering,Rent,163244.5,504639.74,19,Q2,2022,-341395.24,-209.13,1
2022-03-20,Marketing,Utilities,89344.13,387188.26,42,Q2,2022,-297844.13,-333.37,1
2022-01-08,HR,Equipment,492346.74,121883.78,13,Q4,2023,370462.96,75.24,0
2023-01-08,IT,Marketing,285817.91,332435.1,22,Q1,2022,-46617.19,-16.31,1
2023-07-21,Operations,Travel,82940.47,185217.56,24,Q4,2023,-102277.09,-123.31,1
2023-07-03,Finance,Utilities,419552.53,423444.26,29,Q3,2023,-3891.73,-0.93,1
2023-04-02,Operations,Equipment,473255.3,95587.7,18,Q4,2023,377667.6,79.8,0
2023-12-13,HR,Marketing,441827.21,81985.58,16,Q4,2023,359841.63,81.44,0
2022-09-27,IT,Marketing,107323.47,59913.67,24,Q3,2023,47409.8,44.17,0
2023-03-08,IT,Travel,35817.1,286581.6,35,Q4,2023,-250764.5,-700.13,1
2023-08-24,HR,Equipment,191936.84,71106.59,29,Q4,2023,120830.25,62.95,0
2022-08-14,Sales,Travel,183874.06,29377.85,5,Q3,2022,154496.21,84.02,0
2022-11-19,Engineering,Software,208900.36,178217.49,42,Q4,2023,30682.87,14.69,0
2023-11-03,Marketing,Rent,401500.52,416661.29,13,Q4,2023,-15160.77,-3.78,1
2023-02-24,HR,Salaries,14726.81,87909.79,3,Q2,2023,-73182.98,-496.94,1
2022-12-01,Operations,Rent,340658.6,191239.82,26,Q3,2023,149418.78,43.86,0
2022-05-02,Engineering,Salaries,492725.48,231097.87,25,Q2,2023,261627.61,53.1,0
2023-04-21,Engineering,Software,205585.07,456496.71,32,Q3,2022,-250911.64,-122.05,1
2022-08-25,Sales,Equipment,247678.14,251898.04,5,Q1,2023,-4219.9,-1.7,1
2023-10-06,Operations,Travel,317707.81,270121.17,45,Q2,2022,47586.64,14.98,0
2023-01-17,Engineering,Salaries,149936.13,138367.88,35,Q1,2023,11568.25,7.72,0
2023-02-08,Operations,Software,362073.37,350294.0,7,Q4,2023,11779.37,3.25,0
2023-01-24,Marketing,Marketing,109468.52,21139.15,32,Q1,2022,88329.37,80.69,0
2023-03-23,Operations,Utilities,41748.08,501793.23,40,Q4,2022,-460045.15,-1101.96,1
2023-11-25,Engineering,Rent,402651.13,263037.59,25,Q1,2023,139613.54,34.67,0
2022-07-12,IT,Utilities,96494.11,39648.39,26,Q4,2023,56845.72,58.91,0
2023-04-06,Operations,Salaries,368431.84,294295.27,6,Q4,2022,74136.57,20.12,0
2022-04-20,Operations,Salaries,436940.77,271158.87,11,Q1,2023,165781.9,37.94,0
2022-08-02,IT,Software,32429.58,131239.67,19,Q2,2022,-98810.09,-304.69,1
2023-10-15,Operations,Travel,356280.95,114910.52,30,Q3,2023,241370.43,67.75,0
2023-04-08,Engineering,Salaries,326655.44,146632.11,12,Q2,2022,180023.33,55.11,0
2023-08-08,Finance,Travel,315700.94,74422.79,31,Q1,2023,241278.15,76.43,0
2023-05-30,Marketing,Utilities,154725.54,280088.27,44,Q4,2023,-125362.73,-81.02,1
2022-01-02,Operations,Software,32358.51,458015.22,6,Q1,2022,-425656.71,-1315.44,1
2023-01-31,Marketing,Marketing,58258.19,480641.33,7,Q3,2022,-422383.14,-725.02,1
2022-12-10,Engineering,Salaries,143728.18,495929.38,15,Q1,2023,-352201.2,-245.05,1
2022-07-29,HR,Rent,209032.34,315391.59,17,Q2,2022,-106359.25,-50.88,1
2022-02-27,Finance,Utilities,459867.38,326233.12,15,Q4,2023,133634.26,29.06,0
2023-04-29,Operations,Travel,345196.97,166984.58,34,Q2,2022,178212.39,51.63,0
2023-12-30,Marketing,Travel,22797.94,461296.93,38,Q4,2022,-438498.99,-1923.41,1
2022-04-23,Operations,Rent,460659.92,257930.52,6,Q2,2023,202729.4,44.01,0
2023-04-30,Sales,Utilities,362971.49,151006.02,41,Q2,2022,211965.47,58.4,0
2022-03-12,Sales,Utilities,251361.0,502421.94,15,Q1,2023,-251060.94,-99.88,1
2023-04-28,Engineering,Equipment,236877.51,369153.61,41,Q3,2023,-132276.1,-55.84,1
2023-09-06,Finance,Rent,467259.75,245901.54,10,Q2,2022,221358.21,47.37,0
2022-02-14,IT,Travel,279504.0,43142.06,28,Q1,2023,236361.94,84.56,0
2023-10-18,Marketing,Rent,256360.4,79762.75,4,Q4,2022,176597.65,68.89,0
2023-09-27,Marketing,Utilities,389566.0,108596.07,11,Q4,2023,280969.93,72.12,0
2023-06-26,IT,Utilities,300626.7,470254.47,49,Q2,2022,-169627.77,-56.42,1
2022-07-23,IT,Utilities,131941.78,505453.46,12,Q4,2022,-373511.68,-283.09,1
2023-04-21,Finance,Travel,499450.75,144693.12,35,Q3,2022,354757.63,71.03,0
2022-08-28,Operations,Software,147582.0,263137.29,2,Q1,2023,-115555.29,-78.3,1
2023-07-26,Sales,Travel,344731.98,413445.28,11,Q2,2022,-68713.3,-19.93,1
2023-03-19,Operations,Equipment,249970.6,204934.41,7,Q3,2022,45036.19,18.02,0
2022-09-04,Operations,Marketing,69698.61,260097.17,9,Q1,2023,-190398.56,-273.17,1
2023-03-30,IT,Equipment,479899.65,462463.24,32,Q1,2022,17436.41,3.63,0
2022-06-03,Engineering,Rent,174507.7,114245.66,7,Q2,2023,60262.04,34.53,0
2023-08-15,HR,Utilities,331938.33,516852.46,32,Q4,2022,-184914.13,-55.71,1
2023-07-04,Engineering,Marketing,371476.46,241628.76,35,Q1,2023,129847.7,34.95,0
2023-10-11,Engineering,Salaries,203410.76,140251.11,41,Q1,2022,63159.65,31.05,0
2023-04-11,Engineering,Marketing,137761.43,464956.89,30,Q4,2023,-327195.46,-237.51,1
2022-08-13,Finance,Marketing,38862.45,47170.06,4,Q4,2022,-8307.61,-21.38,1
2022-08-30,Operations,Rent,476266.57,336867.44,23,Q2,2022,139399.13,29.27,0
2023-12-24,Operations,Rent,295219.76,39584.87,13,Q2,2022,255634.89,86.59,0
2023-07-12,Operations,Utilities,361041.69,492450.62,39,Q1,2022,-131408.93,-36.4,1
2023-11-15,Operations,Utilities,239737.53,335536.34,20,Q4,2022,-95798.81,-39.96,1
2023-07-08,Finance,Equipment,124271.98,211760.95,8,Q2,2023,-87488.97,-70.4,1
2023-04-02,Finance,Software,497752.22,225294.36,24,Q2,2023,272457.86,54.74,0
2023-05-07,Finance,Software,484024.03,92549.92,14,Q4,2023,391474.11,80.88,0
2023-03-29,IT,Marketing,431397.0,192324.15,5,Q4,2022,239072.85,55.42,0
2023-06-19,Sales,Equipment,458903.28,470745.07,22,Q1,2023,-11841.79,-2.58,1
2023-05-14,Marketing,Software,291769.97,420351.98,15,Q4,2023,-128582.01,-44.07,1
2023-12-10,Sales,Software,190216.23,346678.85,37,Q2,2023,-156462.62,-82.26,1
2022-07-12,Marketing,Rent,178144.7,503504.48,8,Q4,2022,-325359.78,-182.64,1
2022-06-03,Operations,Equipment,467525.14,301599.58,14,Q3,2023,165925.56,35.49,0
2023-04-11,Finance,Marketing,479844.14,98254.4,36,Q1,2023,381589.74,79.52,0
2023-07-21,Finance,Utilities,225837.64,373370.96,34,Q4,2023,-147533.32,-65.33,1
2022-01-15,Sales,Salaries,307474.13,311060.47,12,Q1,2022,-3586.34,-1.17,1
2023-03-26,Marketing,Equipment,404582.14,231512.1,40,Q4,2022,173070.04,42.78,0
2023-11-24,HR,Utilities,354228.95,83254.62,26,Q3,2023,270974.33,76.5,0
2022-03-20,Engineering,Equipment,436142.47,354961.42,47,Q2,2023,81181.05,18.61,0
2022-01-11,Finance,Equipment,308229.88,235361.71,40,Q2,2023,72868.17,23.64,0
2023-07-24,Finance,Marketing,295415.98,304260.32,25,Q2,2022,-8844.34,-2.99,1
2022-08-27,Finance,Marketing,194132.68,169485.97,23,Q1,2022,24646.71,12.7,0
2022-07-16,Marketing,Rent,45906.25,87732.52,44,Q2,2022,-41826.27,-91.11,1
2022-06-10,IT,Utilities,37215.65,192272.66,49,Q2,2023,-155057.01,-416.64,1
2023-05-14,Sales,Equipment,84357.95,444277.67,47,Q1,2022,-359919.72,-426.66,1
2022-06-21,Sales,Software,38308.81,89697.76,23,Q1,2022,-51388.95,-134.14,1
2022-05-15,HR,Salaries,272220.59,249271.45,16,Q2,2022,22949.14,8.43,0
2022-08-14,Marketing,Utilities,207752.79,160375.52,19,Q4,2023,47377.27,22.8,0
2022-09-26,Engineering,Travel,22874.99,500714.11,45,Q3,2022,-477839.12,-2088.92,1
2022-02-01,Sales,Equipment,20727.77,51352.85,46,Q1,2023,-30625.08,-147.75,1
2022-10-22,Operations,Equipment,266277.64,133618.68,33,Q3,2023,132658.96,49.82,0
2023-08-13,IT,Marketing,279065.48,238173.05,37,Q3,2022,40892.43,14.65,0
2022-11-15,Operations,Marketing,28270.0,134606.39,11,Q1,2022,-106336.39,-376.15,1
2023-06-16,Marketing,Travel,338293.99,369775.49,10,Q3,2023,-31481.5,-9.31,1
2023-06-12,Finance,Utilities,71675.36,197893.19,45,Q4,2023,-126217.83,-176.1,1
2022-06-07,IT,Marketing,252313.49,407757.79,26,Q2,2022,-155444.3,-61.61,1
2022-04-15,HR,Marketing,87818.38,290252.01,5,Q4,2022,-202433.63,-230.51,1
2023-12-27,Engineering,Utilities,29140.19,226533.89,39,Q3,2023,-197393.7,-677.39,1
2022-12-23,Marketing,Software,114058.95,194816.57,47,Q2,2022,-80757.62,-70.8,1
2023-08-09,Marketing,Rent,237431.43,121673.56,37,Q1,2023,115757.87,48.75,0
2023-08-07,Finance,Salaries,374515.55,137309.9,43,Q4,2023,237205.65,63.34,0
2022-11-30,IT,Rent,140123.34,98306.41,38,Q2,2023,41816.93,29.84,0
2023-12-16,Engineering,Software,345681.63,444093.57,40,Q1,2022,-98411.94,-28.47,1
2022-12-28,Sales,Equipment,432719.87,288721.25,8,Q4,2022,143998.62,33.28,0
2022-02-18,Operations,Software,142191.13,255232.09,43,Q4,2023,-113040.96,-79.5,1
2023-09-05,Sales,Utilities,265890.76,172992.53,27,Q4,2023,92898.23,34.94,0
2023-01-11,Finance,Travel,210623.22,272636.89,21,Q4,2022,-62013.67,-29.44,1
2023-05-05,HR,Rent,23458.55,459867.72,46,Q3,2023,-436409.17,-1860.34,1
2022-05-13,Engineering,Software,202017.91,446322.5,48,Q1,2023,-244304.59,-120.93,1
2022-10-26,Sales,Rent,194828.18,314734.62,22,Q2,2023,-119906.44,-61.54,1
2023-07-13,Marketing,Marketing,314729.41,279338.01,6,Q1,2023,35391.4,11.25,0
2023-11-30,Marketing,Travel,434551.36,123600.34,31,Q3,2022,310951.02,71.56,0
2022-07-16,HR,Travel,339215.61,362779.21,49,Q3,2023,-23563.6,-6.95,1
2022-01-19,HR,Equipment,184137.82,444898.75,39,Q2,2022,-260760.93,-141.61,1
2023-01-08,Engineering,Equipment,229946.56,164513.95,37,Q2,2022,65432.61,28.46,0
2022-06-03,Sales,Marketing,444707.83,230996.88,39,Q1,2023,213710.95,48.06,0
2022-07-13,Marketing,Rent,323111.07,62635.71,24,Q4,2023,260475.36,80.61,0
2023-02-02,Engineering,Rent,201022.23,447397.15,24,Q2,2022,-246374.92,-122.56,1
2023-03-12,Engineering,Salaries,304080.61,58026.73,49,Q1,2022,246053.88,80.92,0
2023-08-27,Marketing,Rent,325722.85,368620.76,7,Q2,2023,-42897.91,-13.17,1
2023-01-23,Sales,Travel,246314.94,103733.6,44,Q3,2023,142581.34,57.89,0
2023-10-05,Operations,Rent,434036.59,383628.13,47,Q3,2023,50408.46,11.61,0
2022-12-01,HR,Rent,408234.13,337051.54,24,Q4,2023,71182.59,17.44,0
2023-02-10,Finance,Marketing,266961.31,361482.47,16,Q4,2022,-94521.16,-35.41,1
2023-01-03,Finance,Equipment,479593.38,333528.54,2,Q4,2022,146064.84,30.46,0
2023-05-05,Finance,Equipment,477075.6,211095.36,37,Q4,2022,265980.24,55.75,0
2023-07-16,IT,Salaries,483370.96,325538.92,40,Q2,2023,157832.04,32.65,0
2023-03-24,Sales,Travel,118048.31,128142.71,29,Q1,2022,-10094.4,-8.55,1
2023-05-24,Operations,Travel,60653.37,148255.88,11,Q3,2022,-87602.51,-144.43,1
2023-11-27,Operations,Marketing,313356.95,41348.21,34,Q1,2023,272008.74,86.8,0
2023-06-12,Marketing,Salaries,366508.5,321767.76,47,Q3,2022,44740.74,12.21,0
2022-04-10,Operations,Software,160428.58,438487.03,25,Q2,2022,-278058.45,-173.32,1
2023-05-12,Finance,Marketing,273462.46,201766.39,7,Q2,2023,71696.07,26.22,0
2023-05-08,HR,Travel,327452.43,114843.28,15,Q4,2022,212609.15,64.93,0
2023-03-15,Engineering,Marketing,237048.21,429851.96,33,Q2,2022,-192803.75,-81.34,1
2022-10-05,Sales,Rent,275257.27,337792.73,20,Q3,2023,-62535.46,-22.72,1
2023-01-13,IT,Marketing,46845.2,465487.18,7,Q4,2023,-418641.98,-893.67,1
2022-10-15,Finance,Marketing,497109.37,11196.75,21,Q2,2022,485912.62,97.75,0
2023-03-04,HR,Marketing,195551.16,213392.1,26,Q2,2023,-17840.94,-9.12,1
2023-08-16,Operations,Travel,110563.92,469290.53,21,Q2,2023,-358726.61,-324.45,1
2022-11-25,Engineering,Salaries,245207.49,353796.06,39,Q1,2022,-108588.57,-44.28,1
2023-11-23,Engineering,Salaries,165556.98,248059.47,12,Q2,2022,-82502.49,-49.83,1
2022-02-02,Finance,Equipment,201846.68,220249.0,33,Q1,2022,-18402.32,-9.12,1
2022-04-30,Operations,Utilities,285805.05,466322.16,30,Q4,2023,-180517.11,-63.16,1
2022-04-07,HR,Equipment,146432.64,433879.09,31,Q1,2022,-287446.45,-196.3,1
2023-01-21,IT,Software,336575.52,14303.63,30,Q3,2023,322271.89,95.75,0
2022-01-14,Operations,Salaries,221549.41,69998.11,23,Q2,2023,151551.3,68.41,0
2023-09-05,Sales,Marketing,51231.34,270305.44,12,Q4,2023,-219074.1,-427.62,1
2022-11-13,Engineering,Rent,444590.7,66693.74,21,Q3,2023,377896.96,85.0,0
2022-11-17,Marketing,Rent,243919.39,148679.19,42,Q2,2022,95240.2,39.05,0
2022-03-27,Finance,Utilities,462236.76,435473.26,15,Q1,2022,26763.5,5.79,0
2023-06-26,Engineering,Rent,196514.67,205703.3,28,Q3,2023,-9188.63,-4.68,1
2022-10-10,Operations,Equipment,275896.24,238868.26,39,Q1,2023,37027.98,13.42,0
2022-03-05,IT,Marketing,438045.28,97185.8,5,Q2,2023,340859.48,77.81,0
2022-03-21,Finance,Software,236485.66,316384.78,8,Q3,2023,-79899.12,-33.79,1
2023-01-29,Operations,Rent,320232.99,69598.8,31,Q2,2023,250634.19,78.27,0
2023-10-29,Marketing,Rent,131058.67,330673.35,11,Q3,2022,-199614.68,-152.31,1
2023-11-08,Marketing,Salaries,126680.86,390328.75,8,Q2,2022,-263647.89,-208.12,1
2022-12-16,Engineering,Travel,275897.78,455287.76,6,Q1,2023,-179389.98,-65.02,1
2022-07-30,Operations,Rent,310462.09,306213.32,5,Q4,2022,4248.77,1.37,0
2023-02-07,Engineering,Software,331330.42,177960.68,48,Q1,2023,153369.74,46.29,0
2023-01-06,HR,Travel,386633.15,444058.49,37,Q4,2022,-57425.34,-14.85,1
2022-04-09,Operations,Salaries,462063.81,313471.63,16,Q3,2022,148592.18,32.16,0
2022-09-24,IT,Travel,127670.47,191366.45,40,Q2,2023,-63695.98,-49.89,1
2022-02-21,Engineering,Salaries,313537.31,173140.15,39,Q2,2022,140397.16,44.78,0
2023-09-30,IT,Marketing,227132.35,172154.45,37,Q1,2022,54977.9,24.21,0
2022-05-02,Operations,Software,53721.76,36847.84,3,Q4,2023,16873.92,31.41,0
2022-02-01,Finance,Rent,232243.57,59883.2,16,Q4,2022,172360.37,74.22,0
2022-12-02,Operations,Marketing,397438.87,53930.07,21,Q3,2023,343508.8,86.43,0
2023-04-13,Sales,Salaries,48769.49,167840.24,35,Q2,2023,-119070.75,-244.15,1
2022-10-19,Engineering,Salaries,307046.88,250676.06,14,Q4,2023,56370.82,18.36,0
2023-03-07,Operations,Marketing,210935.0,83560.96,26,Q4,2022,127374.04,60.39,0
2023-08-23,Marketing,Utilities,330492.22,431911.05,15,Q2,2023,-101418.83,-30.69,1
2022-06-20,Marketing,Marketing,412471.15,41595.59,42,Q1,2023,370875.56,89.92,0
2023-01-03,Sales,Marketing,275406.4,491999.57,49,Q2,2023,-216593.17,-78.64,1
2022-11-04,Operations,Software,158937.61,46110.23,10,Q4,2023,112827.38,70.99,0
2022-03-09,Engineering,Software,54173.83,466069.1,36,Q1,2023,-411895.27,-760.32,1
2022-05-13,Finance,Utilities,151463.41,141482.61,23,Q3,2022,9980.8,6.59,0
2022-03-24,IT,Salaries,188679.7,513214.34,6,Q2,2023,-324534.64,-172.0,1
2022-06-25,Engineering,Equipment,324224.27,274919.85,45,Q2,2023,49304.42,15.21,0
2022-04-22,IT,Marketing,200292.45,17373.53,38,Q1,2022,182918.92,91.33,0
2022-12-21,IT,Travel,207323.95,152726.54,15,Q4,2022,54597.41,26.33,0
2022-07-10,IT,Travel,152340.82,489363.66,18,Q1,2023,-337022.84,-221.23,1
2023-07-25,Marketing,Rent,187812.65,161428.9,6,Q2,2023,26383.75,14.05,0
2022-09-19,HR,Utilities,140353.55,192119.43,14,Q1,2022,-51765.88,-36.88,1
2023-09-08,Finance,Rent,369723.18,30603.88,48,Q1,2023,339119.3,91.72,0
2023-12-25,Operations,Travel,491651.15,137667.28,32,Q3,2022,353983.87,72.0,0
2022-12-05,Sales,Utilities,369976.68,140771.92,11,Q4,2022,229204.76,61.95,0
2023-11-19,Sales,Marketing,46078.18,374578.6,49,Q1,2023,-328500.42,-712.92,1
2023-02-24,IT,Equipment,320027.2,266953.36,24,Q2,2022,53073.84,16.58,0
2022-02-17,Operations,Utilities,354418.09,90435.93,30,Q1,2023,263982.16,74.48,0
2022-04-30,Operations,Rent,391339.86,415346.89,17,Q4,2022,-24007.03,-6.13,1
2023-01-19,IT,Rent,383716.29,321097.6,18,Q4,2023,62618.69,16.32,0
2022-11-25,Sales,Equipment,259110.29,145451.16,8,Q2,2022,113659.13,43.87,0
2023-06-28,Sales,Utilities,138587.08,122577.23,44,Q4,2022,16009.85,11.55,0
2022-03-26,Engineering,Utilities,69089.74,481552.93,15,Q2,2022,-412463.19,-597.0,1
2022-01-17,Sales,Rent,14102.57,334172.81,45,Q4,2022,-320070.24,-2269.59,1
2023-06-20,IT,Software,10743.49,421397.37,10,Q1,2022,-410653.88,-3822.35,1
2023-01-19,Marketing,Equipment,468741.32,123464.93,8,Q2,2022,345276.39,73.66,0
2023-09-16,Sales,Travel,307897.47,309432.85,15,Q4,2022,-1535.38,-0.5,1
2022-03-23,Finance,Rent,291356.11,35386.67,17,Q3,2022,255969.44,87.85,0
2023-06-02,Sales,Travel,194562.17,312496.82,11,Q3,2022,-117934.65,-60.62,1
2022-04-16,Marketing,Marketing,401277.96,112234.28,6,Q2,2022,289043.68,72.03,0
2023-10-22,Marketing,Software,117888.08,350575.51,8,Q3,2022,-232687.43,-197.38,1
2023-12-21,Operations,Utilities,371659.58,485166.8,23,Q1,2022,-113507.22,-30.54,1
2022-05-27,IT,Rent,187770.49,242859.39,25,Q1,2023,-55088.9,-29.34,1
2022-01-08,IT,Salaries,356801.37,164362.92,41,Q4,2023,192438.45,53.93,0
2022-10-01,Sales,Utilities,356133.75,71112.81,43,Q1,2022,285020.94,80.03,0
2023-12-02,Marketing,Software,164499.8,351342.96,23,Q2,2022,-186843.16,-113.58,1
2023-11-16,Engineering,Salaries,467785.88,307099.02,36,Q1,2023,160686.86,34.35,0
2023-05-26,HR,Utilities,258754.35,286820.2,47,Q4,2022,-28065.85,-10.85,1
2022-02-07,Marketing,Software,136290.35,487214.63,4,Q1,2022,-350924.28,-257.48,1
2023-05-29,HR,Equipment,340158.68,508815.52,48,Q4,2022,-168656.84,-49.58,1
2022-08-12,Finance,Software,377923.62,375095.7,43,Q2,2023,2827.92,0.75,0
2023-07-25,Finance,Marketing,475835.31,108346.57,8,Q3,2022,367488.74,77.23,0
2023-08-10,Sales,Salaries,45904.17,492742.87,20,Q1,2023,-446838.7,-973.42,1
2022-05-13,Finance,Rent,274571.85,184602.45,43,Q4,2022,89969.4,32.77,0
2022-12-28,Finance,Rent,250283.81,48527.33,47,Q2,2023,201756.48,80.61,0
2022-08-09,Engineering,Equipment,162021.05,131435.41,9,Q3,2023,30585.64,18.88,0
2023-12-25,IT,Equipment,386228.35,433152.74,24,Q3,2022,-46924.39,-12.15,1
2023-10-22,Engineering,Rent,105190.72,112327.58,21,Q3,2023,-7136.86,-6.78,1
2022-03-23,IT,Software,170601.12,210274.51,34,Q1,2023,-39673.39,-23.26,1
2023-01-31,Operations,Equipment,385414.48,148035.11,7,Q3,2022,237379.37,61.59,0
2022-07-04,IT,Rent,243862.26,32482.61,16,Q3,2023,211379.65,86.68,0
2023-08-03,IT,Travel,76686.66,295600.19,6,Q3,2022,-218913.53,-285.46,1
2022-09-06,Finance,Rent,448189.28,329923.59,15,Q1,2022,118265.69,26.39,0
2023-08-22,Operations,Travel,368095.82,413067.38,10,Q2,2023,-44971.56,-12.22,1
2022-10-10,Sales,Travel,285743.64,220306.18,27,Q3,2023,65437.46,22.9,0
2023-09-20,Marketing,Software,308569.53,80361.21,33,Q2,2023,228208.32,73.96,0
2023-03-13,Engineering,Salaries,316733.31,341903.77,32,Q3,2023,-25170.46,-7.95,1
2023-11-13,Sales,Software,254654.15,463713.38,7,Q3,2022,-209059.23,-82.1,1
2022-09-09,Sales,Marketing,374923.11,69348.54,2,Q1,2022,305574.57,81.5,0
2023-01-07,IT,Equipment,360509.12,101499.86,20,Q3,2022,259009.26,71.85,0
2022-10-28,Marketing,Travel,11367.15,176549.44,16,Q4,2023,-165182.29,-1453.15,1
2022-11-30,Engineering,Software,64169.9,340951.79,35,Q3,2023,-276781.89,-431.33,1
2022-11-20,IT,Rent,22402.43,276191.93,20,Q2,2023,-253789.5,-1132.87,1
2023-12-09,IT,Software,92763.56,372732.68,12,Q4,2023,-279969.12,-301.81,1
2022-02-05,Engineering,Equipment,45417.94,24044.88,19,Q1,2022,21373.06,47.06,0
2023-04-04,Engineering,Software,104958.55,422954.38,25,Q4,2023,-317995.83,-302.97,1
2022-08-18,Operations,Travel,273870.84,513591.06,47,Q4,2022,-239720.22,-87.53,1
2023-10-07,Engineering,Rent,338151.43,31892.22,10,Q4,2022,306259.21,90.57,0
2022-10-10,HR,Equipment,460106.07,261652.72,12,Q4,2023,198453.35,43.13,0
2022-06-14,IT,Salaries,372254.62,386836.08,44,Q4,2023,-14581.46,-3.92,1
2023-06-23,Marketing,Travel,25433.78,251916.48,5,Q2,2022,-226482.7,-890.48,1
2023-08-30,Engineering,Marketing,239667.66,311585.16,19,Q4,2023,-71917.5,-30.01,1
2022-11-28,Finance,Rent,341061.9,479514.6,45,Q2,2023,-138452.7,-40.59,1
2022-06-24,Marketing,Marketing,164413.14,284399.92,24,Q2,2023,-119986.78,-72.98,1
2022-03-17,Marketing,Utilities,190759.08,129136.57,42,Q2,2023,61622.51,32.3,0
2023-03-16,HR,Utilities,403372.91,386176.94,38,Q1,2022,17195.97,4.26,0
2022-05-08,Engineering,Equipment,33047.11,200219.79,2,Q4,2023,-167172.68,-505.86,1
2023-05-27,Marketing,Travel,274436.48,153978.92,26,Q3,2022,120457.56,43.89,0
2023-02-02,Finance,Utilities,404201.51,135183.58,10,Q1,2022,269017.93,66.56,0
2022-10-05,IT,Travel,400732.76,48634.17,40,Q3,2023,352098.59,87.86,0
2023-11-26,Engineering,Travel,69082.23,485648.56,2,Q4,2023,-416566.33,-603.0,1
2022-11-27,HR,Rent,423983.82,296439.07,18,Q4,2023,127544.75,30.08,0
2022-12-26,Operations,Marketing,47865.01,497011.51,4,Q3,2023,-449146.5,-938.36,1
2023-07-18,Operations,Equipment,462791.76,449235.88,24,Q2,2023,13555.88,2.93,0
2023-03-16,Operations,Marketing,115986.54,23476.98,2,Q4,2022,92509.56,79.76,0
2022-04-12,Operations,Rent,66466.28,134610.05,25,Q3,2023,-68143.77,-102.52,1
2023-01-12,Sales,Utilities,46237.76,169464.95,14,Q1,2022,-123227.19,-266.51,1
2022-09-13,Marketing,Software,178269.65,258788.77,21,Q3,2023,-80519.12,-45.17,1
2023-08-12,Sales,Utilities,180801.0,374657.84,21,Q1,2022,-193856.84,-107.22,1
2023-02-08,Finance,Salaries,267813.32,356553.43,13,Q1,2022,-88740.11,-33.14,1
2022-01-02,Engineering,Marketing,369143.87,513483.23,18,Q4,2022,-144339.36,-39.1,1
2023-12-16,IT,Equipment,259778.28,480741.17,22,Q1,2022,-220962.89,-85.06,1
2023-11-01,Operations,Marketing,489684.12,103368.56,41,Q4,2022,386315.56,78.89,0
2022-05-08,Engineering,Software,113057.86,448251.97,25,Q3,2023,-335194.11,-296.48,1
2022-05-12,HR,Software,113172.91,439582.85,31,Q2,2023,-326409.94,-288.42,1
2023-03-31,Marketing,Software,355418.47,302296.78,24,Q1,2023,53121.69,14.95,0
2022-12-10,HR,Software,163946.86,181117.84,24,Q4,2023,-17170.98,-10.47,1
2022-12-18,Marketing,Salaries,94085.21,114811.8,48,Q2,2022,-20726.59,-22.03,1
2023-02-07,HR,Travel,398298.36,116778.17,18,Q1,2022,281520.19,70.68,0
2022-02-11,Finance,Utilities,120848.25,180967.0,3,Q3,2023,-60118.75,-49.75,1
2022-12-21,HR,Software,376969.19,266020.61,43,Q1,2023,110948.58,29.43,0
2023-11-13,IT,Salaries,111278.46,306916.29,25,Q3,2023,-195637.83,-175.81,1
2022-09-16,Marketing,Marketing,470313.76,174420.52,34,Q3,2023,295893.24,62.91,0
2022-07-29,Engineering,Software,154599.6,190568.52,46,Q3,2022,-35968.92,-23.27,1
2022-02-06,Finance,Rent,377365.0,14921.92,45,Q3,2023,362443.08,96.05,0
2022-01-22,HR,Marketing,422305.3,9085.19,16,Q4,2022,413220.11,97.85,0
2022-06-10,Finance,Marketing,70092.4,472477.42,33,Q4,2023,-402385.02,-574.08,1
2022-12-25,Marketing,Equipment,43335.56,15175.03,43,Q4,2023,28160.53,64.98,0
2022-12-20,Marketing,Salaries,303191.88,24958.17,35,Q2,2022,278233.71,91.77,0
2023-03-09,HR,Salaries,313846.32,113285.28,23,Q3,2022,200561.04,63.9,0
2023-03-14,Engineering,Software,315149.93,388620.03,32,Q1,2023,-73470.1,-23.31,1
2023-07-01,Finance,Software,233524.25,355607.25,16,Q2,2022,-122083.0,-52.28,1
2022-10-12,Operations,Software,468007.1,339354.66,21,Q2,2023,128652.44,27.49,0
2022-11-02,IT,Rent,349129.78,302376.02,43,Q2,2022,46753.76,13.39,0
2022-01-14,Sales,Salaries,46366.17,111269.89,24,Q2,2022,-64903.72,-139.98,1
2022-02-17,Operations,Marketing,394653.8,211742.08,32,Q1,2022,182911.72,46.35,0
2022-10-27,HR,Marketing,144991.15,252787.21,3,Q3,2022,-107796.06,-74.35,1
2022-08-30,HR,Software,364286.3,306210.72,14,Q1,2022,58075.58,15.94,0
2023-08-07,IT,Marketing,39012.75,109595.81,43,Q3,2022,-70583.06,-180.92,1
2023-02-16,Finance,Software,385679.1,381265.24,33,Q2,2022,4413.86,1.14,0
2023-05-19,Marketing,Utilities,275955.52,166164.28,17,Q2,2022,109791.24,39.79,0
2023-12-12,Finance,Travel,363168.24,346034.72,16,Q4,2023,17133.52,4.72,0
2022-04-08,IT,Marketing,252184.63,271159.38,26,Q4,2023,-18974.75,-7.52,1
2022-05-06,Engineering,Utilities,402545.93,311213.8,13,Q2,2023,91332.13,22.69,0
2022-06-09,IT,Salaries,474043.06,219531.98,29,Q2,2023,254511.08,53.69,0
2022-09-22,IT,Utilities,373818.24,235875.36,42,Q3,2022,137942.88,36.9,0
2022-09-04,Engineering,Equipment,374641.85,452512.08,13,Q2,2022,-77870.23,-20.79,1
